Started GET "/designbook" for 127.0.0.1 at 2026-07-27 13:35:42 +0700
  [1m[35m (0.2ms)[0m  [1m[35mCREATE TABLE "schema_migrations" ("version" varchar NOT NULL PRIMARY KEY) /*application='Dummy'*/[0m
  [1m[35m (0.1ms)[0m  [1m[35mCREATE TABLE "ar_internal_metadata" ("key" varchar NOT NULL PRIMARY KEY, "value" varchar, "created_at" datetime(6) NOT NULL, "updated_at" datetime(6) NOT NULL) /*application='Dummy'*/[0m
  [1m[36mActiveRecord::SchemaMigration Load (0.1ms)[0m  [1m[34mSELECT "schema_migrations"."version" FROM "schema_migrations" ORDER BY "schema_migrations"."version" ASC /*application='Dummy'*/[0m
Processing by Designbook::PagesController#show as HTML
  Parameters: {"slug" => "index"}
Completed 404 Not Found in 1ms (ActiveRecord: 0.0ms (0 queries, 0 cached) | GC: 0.0ms)


  
ActionController::RoutingError (Not Found):
  
Started GET "/designbook" for 127.0.0.1 at 2026-07-27 13:35:44 +0700
Processing by Designbook::PagesController#show as HTML
  Parameters: {"slug" => "index"}
Completed 404 Not Found in 1ms (ActiveRecord: 0.0ms (0 queries, 0 cached) | GC: 0.0ms)


  
ActionController::RoutingError (Not Found):
  
Started GET "/" for 127.0.0.1 at 2026-07-27 13:35:52 +0700
Processing by Rails::WelcomeController#index as HTML
  Rendering /Users/scott/.local/share/mise/installs/ruby/3.4.7/lib/ruby/gems/3.4.0/gems/railties-8.1.3/lib/rails/templates/rails/welcome/index.html.erb
  Rendered /Users/scott/.local/share/mise/installs/ruby/3.4.7/lib/ruby/gems/3.4.0/gems/railties-8.1.3/lib/rails/templates/rails/welcome/index.html.erb (Duration: 0.3ms | GC: 0.0ms)
Completed 200 OK in 4ms (Views: 1.0ms | ActiveRecord: 0.0ms (0 queries, 0 cached) | GC: 0.0ms)


Started GET "/designbook" for 127.0.0.1 at 2026-07-27 13:36:00 +0700
Processing by Designbook::PagesController#show as HTML
  Parameters: {"slug" => "index"}
Completed 404 Not Found in 1ms (ActiveRecord: 0.0ms (0 queries, 0 cached) | GC: 0.0ms)


  
ActionController::RoutingError (Not Found):
  
Started GET "/designbook" for 127.0.0.1 at 2026-07-27 13:36:56 +0700
Processing by Designbook::PagesController#show as HTML
  Parameters: {"slug" => "index"}
Completed 500 Internal Server Error in 18ms (ActiveRecord: 0.0ms (0 queries, 0 cached) | GC: 0.0ms)


  
NoMethodError (undefined method 'key?' for an instance of Array):
  
commonmarker-2.9.0-arm64 (darwin) lib/commonmarker/config.rb:95:in 'block (3 levels) in <module:Config>'
commonmarker-2.9.0-arm64 (darwin) lib/commonmarker/config.rb:94:in 'Hash#each'
commonmarker-2.9.0-arm64 (darwin) lib/commonmarker/config.rb:94:in 'Enumerable#each_with_object'
commonmarker-2.9.0-arm64 (darwin) lib/commonmarker/config.rb:94:in 'block (2 levels) in <module:Config>'
commonmarker-2.9.0-arm64 (darwin) lib/commonmarker/config.rb:81:in 'Commonmarker::Config.process_options'
commonmarker-2.9.0-arm64 (darwin) lib/commonmarker.rb:41:in 'Commonmarker.to_html'
/Users/scott/scottharvey/designbook/lib/designbook/markdown_renderer.rb:16:in 'Designbook::MarkdownRenderer#render'
/Users/scott/scottharvey/designbook/app/controllers/designbook/pages_controller.rb:11:in 'Designbook::PagesController#show'
actionpack (8.1.3) lib/action_controller/metal/basic_implicit_render.rb:8:in 'ActionController::BasicImplicitRender#send_action'
actionpack (8.1.3) lib/abstract_controller/base.rb:221:in 'AbstractController::Base#process_action'
actionpack (8.1.3) lib/action_controller/metal/rendering.rb:199:in 'ActionController::Rendering#process_action'
actionpack (8.1.3) lib/abstract_controller/callbacks.rb:267:in 'block in AbstractController::Callbacks#process_action'
activesupport (8.1.3) lib/active_support/callbacks.rb:110:in 'ActiveSupport::Callbacks#run_callbacks'
actionpack (8.1.3) lib/abstract_controller/callbacks.rb:266:in 'AbstractController::Callbacks#process_action'
actionpack (8.1.3) lib/action_controller/metal/rescue.rb:36:in 'ActionController::Rescue#process_action'
actionpack (8.1.3) lib/action_controller/metal/instrumentation.rb:76:in 'block in ActionController::Instrumentation#process_action'
activesupport (8.1.3) lib/active_support/notifications.rb:210:in 'block in ActiveSupport::Notifications.instrument'
activesupport (8.1.3) lib/active_support/notifications/instrumenter.rb:58:in 'ActiveSupport::Notifications::Instrumenter#instrument'
activesupport (8.1.3) lib/active_support/notifications.rb:210:in 'ActiveSupport::Notifications.instrument'
actionpack (8.1.3) lib/action_controller/metal/instrumentation.rb:75:in 'ActionController::Instrumentation#process_action'
actionpack (8.1.3) lib/action_controller/metal/params_wrapper.rb:259:in 'ActionController::ParamsWrapper#process_action'
activerecord (8.1.3) lib/active_record/railties/controller_runtime.rb:39:in 'ActiveRecord::Railties::ControllerRuntime#process_action'
actionpack (8.1.3) lib/abstract_controller/base.rb:154:in 'AbstractController::Base#process'
actionview (8.1.3) lib/action_view/rendering.rb:40:in 'ActionView::Rendering#process'
actionpack (8.1.3) lib/action_controller/metal.rb:252:in 'ActionController::Metal#dispatch'
actionpack (8.1.3) lib/action_controller/metal.rb:335:in 'ActionController::Metal.dispatch'
actionpack (8.1.3) lib/action_dispatch/routing/route_set.rb:65:in 'ActionDispatch::Routing::RouteSet::Dispatcher#dispatch'
actionpack (8.1.3) lib/action_dispatch/routing/route_set.rb:50:in 'ActionDispatch::Routing::RouteSet::Dispatcher#serve'
actionpack (8.1.3) lib/action_dispatch/journey/router.rb:35:in 'block in ActionDispatch::Journey::Router#serve'
actionpack (8.1.3) lib/action_dispatch/journey/router.rb:86:in 'block in ActionDispatch::Journey::Router#recognize'
actionpack (8.1.3) lib/action_dispatch/journey/router.rb:66:in 'Array#each'
actionpack (8.1.3) lib/action_dispatch/journey/router.rb:66:in 'ActionDispatch::Journey::Router#recognize'
actionpack (8.1.3) lib/action_dispatch/journey/router.rb:31:in 'ActionDispatch::Journey::Router#serve'
actionpack (8.1.3) lib/action_dispatch/routing/route_set.rb:906:in 'ActionDispatch::Routing::RouteSet#call'
railties (8.1.3) lib/rails/engine/lazy_route_set.rb:60:in 'Rails::Engine::LazyRouteSet#call'
railties (8.1.3) lib/rails/engine.rb:534:in 'Rails::Engine#call'
railties (8.1.3) lib/rails/railtie.rb:225:in 'Kernel#public_send'
railties (8.1.3) lib/rails/railtie.rb:225:in 'Rails::Railtie.method_missing'
actionpack (8.1.3) lib/action_dispatch/routing/mapper.rb:33:in 'block in <class:Constraints>'
actionpack (8.1.3) lib/action_dispatch/routing/mapper.rb:62:in 'ActionDispatch::Routing::Mapper::Constraints#serve'
actionpack (8.1.3) lib/action_dispatch/journey/router.rb:35:in 'block in ActionDispatch::Journey::Router#serve'
actionpack (8.1.3) lib/action_dispatch/journey/router.rb:92:in 'block in ActionDispatch::Journey::Router#recognize'
actionpack (8.1.3) lib/action_dispatch/journey/router.rb:66:in 'Array#each'
actionpack (8.1.3) lib/action_dispatch/journey/router.rb:66:in 'ActionDispatch::Journey::Router#recognize'
actionpack (8.1.3) lib/action_dispatch/journey/router.rb:31:in 'ActionDispatch::Journey::Router#serve'
actionpack (8.1.3) lib/action_dispatch/routing/route_set.rb:906:in 'ActionDispatch::Routing::RouteSet#call'
railties (8.1.3) lib/rails/engine/lazy_route_set.rb:60:in 'Rails::Engine::LazyRouteSet#call'
rack (3.2.6) lib/rack/tempfile_reaper.rb:20:in 'Rack::TempfileReaper#call'
rack (3.2.6) lib/rack/etag.rb:29:in 'Rack::ETag#call'
rack (3.2.6) lib/rack/conditional_get.rb:31:in 'Rack::ConditionalGet#call'
rack (3.2.6) lib/rack/head.rb:15:in 'Rack::Head#call'
actionpack (8.1.3) lib/action_dispatch/http/content_security_policy.rb:38:in 'ActionDispatch::ContentSecurityPolicy::Middleware#call'
rack-session (2.1.2) lib/rack/session/abstract/id.rb:274:in 'Rack::Session::Abstract::Persisted#context'
rack-session (2.1.2) lib/rack/session/abstract/id.rb:268:in 'Rack::Session::Abstract::Persisted#call'
actionpack (8.1.3) lib/action_dispatch/middleware/cookies.rb:708:in 'ActionDispatch::Cookies#call'
activerecord (8.1.3) lib/active_record/migration.rb:671:in 'ActiveRecord::Migration::CheckPending#call'
actionpack (8.1.3) lib/action_dispatch/middleware/callbacks.rb:31:in 'block in ActionDispatch::Callbacks#call'
activesupport (8.1.3) lib/active_support/callbacks.rb:101:in 'ActiveSupport::Callbacks#run_callbacks'
actionpack (8.1.3) lib/action_dispatch/middleware/callbacks.rb:30:in 'ActionDispatch::Callbacks#call'
actionpack (8.1.3) lib/action_dispatch/middleware/executor.rb:20:in 'ActionDispatch::Executor#call'
actionpack (8.1.3) lib/action_dispatch/middleware/actionable_exceptions.rb:18:in 'ActionDispatch::ActionableExceptions#call'
actionpack (8.1.3) lib/action_dispatch/middleware/debug_exceptions.rb:31:in 'ActionDispatch::DebugExceptions#call'
actionpack (8.1.3) lib/action_dispatch/middleware/show_exceptions.rb:32:in 'ActionDispatch::ShowExceptions#call'
railties (8.1.3) lib/rails/rack/logger.rb:41:in 'Rails::Rack::Logger#call_app'
railties (8.1.3) lib/rails/rack/logger.rb:29:in 'Rails::Rack::Logger#call'
propshaft (1.3.2) lib/propshaft/quiet_assets.rb:11:in 'Propshaft::QuietAssets#call'
actionpack (8.1.3) lib/action_dispatch/middleware/remote_ip.rb:98:in 'ActionDispatch::RemoteIp#call'
actionpack (8.1.3) lib/action_dispatch/middleware/request_id.rb:34:in 'ActionDispatch::RequestId#call'
rack (3.2.6) lib/rack/method_override.rb:28:in 'Rack::MethodOverride#call'
rack (3.2.6) lib/rack/runtime.rb:24:in 'Rack::Runtime#call'
activesupport (8.1.3) lib/active_support/cache/strategy/local_cache_middleware.rb:30:in 'ActiveSupport::Cache::Strategy::LocalCache::Middleware#call'
actionpack (8.1.3) lib/action_dispatch/middleware/server_timing.rb:61:in 'block in ActionDispatch::ServerTiming#call'
actionpack (8.1.3) lib/action_dispatch/middleware/server_timing.rb:26:in 'ActionDispatch::ServerTiming::Subscriber#collect_events'
actionpack (8.1.3) lib/action_dispatch/middleware/server_timing.rb:60:in 'ActionDispatch::ServerTiming#call'
actionpack (8.1.3) lib/action_dispatch/middleware/executor.rb:20:in 'ActionDispatch::Executor#call'
propshaft (1.3.2) lib/propshaft/server.rb:37:in 'Propshaft::Server#call'
actionpack (8.1.3) lib/action_dispatch/middleware/static.rb:27:in 'ActionDispatch::Static#call'
rack (3.2.6) lib/rack/sendfile.rb:131:in 'Rack::Sendfile#call'
actionpack (8.1.3) lib/action_dispatch/middleware/host_authorization.rb:143:in 'ActionDispatch::HostAuthorization#call'
railties (8.1.3) lib/rails/engine.rb:534:in 'Rails::Engine#call'
puma (8.0.2) lib/puma/configuration.rb:305:in 'Puma::Configuration::ConfigMiddleware#call'
puma (8.0.2) lib/puma/response.rb:79:in 'block in Puma::Response#handle_request'
puma (8.0.2) lib/puma/thread_pool.rb:434:in 'Puma::ThreadPool#with_force_shutdown'
puma (8.0.2) lib/puma/response.rb:78:in 'Puma::Response#handle_request'
puma (8.0.2) lib/puma/server.rb:508:in 'Puma::Server#process_client'
puma (8.0.2) lib/puma/server.rb:263:in 'block in Puma::Server#run'
puma (8.0.2) lib/puma/thread_pool.rb:246:in 'block in Puma::ThreadPool#spawn_thread'
Started GET "/designbook" for 127.0.0.1 at 2026-07-27 13:37:32 +0700
Processing by Designbook::PagesController#show as HTML
  Parameters: {"slug" => "index"}
Completed 500 Internal Server Error in 4ms (ActiveRecord: 0.0ms (0 queries, 0 cached) | GC: 0.0ms)


  
NoMethodError (undefined method 'key?' for an instance of Array):
  
commonmarker-2.9.0-arm64 (darwin) lib/commonmarker/config.rb:95:in 'block (3 levels) in <module:Config>'
commonmarker-2.9.0-arm64 (darwin) lib/commonmarker/config.rb:94:in 'Hash#each'
commonmarker-2.9.0-arm64 (darwin) lib/commonmarker/config.rb:94:in 'Enumerable#each_with_object'
commonmarker-2.9.0-arm64 (darwin) lib/commonmarker/config.rb:94:in 'block (2 levels) in <module:Config>'
commonmarker-2.9.0-arm64 (darwin) lib/commonmarker/config.rb:81:in 'Commonmarker::Config.process_options'
commonmarker-2.9.0-arm64 (darwin) lib/commonmarker.rb:41:in 'Commonmarker.to_html'
/Users/scott/scottharvey/designbook/lib/designbook/markdown_renderer.rb:16:in 'Designbook::MarkdownRenderer#render'
/Users/scott/scottharvey/designbook/app/controllers/designbook/pages_controller.rb:11:in 'Designbook::PagesController#show'
actionpack (8.1.3) lib/action_controller/metal/basic_implicit_render.rb:8:in 'ActionController::BasicImplicitRender#send_action'
actionpack (8.1.3) lib/abstract_controller/base.rb:221:in 'AbstractController::Base#process_action'
actionpack (8.1.3) lib/action_controller/metal/rendering.rb:199:in 'ActionController::Rendering#process_action'
actionpack (8.1.3) lib/abstract_controller/callbacks.rb:267:in 'block in AbstractController::Callbacks#process_action'
activesupport (8.1.3) lib/active_support/callbacks.rb:110:in 'ActiveSupport::Callbacks#run_callbacks'
actionpack (8.1.3) lib/abstract_controller/callbacks.rb:266:in 'AbstractController::Callbacks#process_action'
actionpack (8.1.3) lib/action_controller/metal/rescue.rb:36:in 'ActionController::Rescue#process_action'
actionpack (8.1.3) lib/action_controller/metal/instrumentation.rb:76:in 'block in ActionController::Instrumentation#process_action'
activesupport (8.1.3) lib/active_support/notifications.rb:210:in 'block in ActiveSupport::Notifications.instrument'
activesupport (8.1.3) lib/active_support/notifications/instrumenter.rb:58:in 'ActiveSupport::Notifications::Instrumenter#instrument'
activesupport (8.1.3) lib/active_support/notifications.rb:210:in 'ActiveSupport::Notifications.instrument'
actionpack (8.1.3) lib/action_controller/metal/instrumentation.rb:75:in 'ActionController::Instrumentation#process_action'
actionpack (8.1.3) lib/action_controller/metal/params_wrapper.rb:259:in 'ActionController::ParamsWrapper#process_action'
activerecord (8.1.3) lib/active_record/railties/controller_runtime.rb:39:in 'ActiveRecord::Railties::ControllerRuntime#process_action'
actionpack (8.1.3) lib/abstract_controller/base.rb:154:in 'AbstractController::Base#process'
actionview (8.1.3) lib/action_view/rendering.rb:40:in 'ActionView::Rendering#process'
actionpack (8.1.3) lib/action_controller/metal.rb:252:in 'ActionController::Metal#dispatch'
actionpack (8.1.3) lib/action_controller/metal.rb:335:in 'ActionController::Metal.dispatch'
actionpack (8.1.3) lib/action_dispatch/routing/route_set.rb:65:in 'ActionDispatch::Routing::RouteSet::Dispatcher#dispatch'
actionpack (8.1.3) lib/action_dispatch/routing/route_set.rb:50:in 'ActionDispatch::Routing::RouteSet::Dispatcher#serve'
actionpack (8.1.3) lib/action_dispatch/journey/router.rb:35:in 'block in ActionDispatch::Journey::Router#serve'
actionpack (8.1.3) lib/action_dispatch/journey/router.rb:86:in 'block in ActionDispatch::Journey::Router#recognize'
actionpack (8.1.3) lib/action_dispatch/journey/router.rb:66:in 'Array#each'
actionpack (8.1.3) lib/action_dispatch/journey/router.rb:66:in 'ActionDispatch::Journey::Router#recognize'
actionpack (8.1.3) lib/action_dispatch/journey/router.rb:31:in 'ActionDispatch::Journey::Router#serve'
actionpack (8.1.3) lib/action_dispatch/routing/route_set.rb:906:in 'ActionDispatch::Routing::RouteSet#call'
railties (8.1.3) lib/rails/engine/lazy_route_set.rb:60:in 'Rails::Engine::LazyRouteSet#call'
railties (8.1.3) lib/rails/engine.rb:534:in 'Rails::Engine#call'
railties (8.1.3) lib/rails/railtie.rb:225:in 'Kernel#public_send'
railties (8.1.3) lib/rails/railtie.rb:225:in 'Rails::Railtie.method_missing'
actionpack (8.1.3) lib/action_dispatch/routing/mapper.rb:33:in 'block in <class:Constraints>'
actionpack (8.1.3) lib/action_dispatch/routing/mapper.rb:62:in 'ActionDispatch::Routing::Mapper::Constraints#serve'
actionpack (8.1.3) lib/action_dispatch/journey/router.rb:35:in 'block in ActionDispatch::Journey::Router#serve'
actionpack (8.1.3) lib/action_dispatch/journey/router.rb:92:in 'block in ActionDispatch::Journey::Router#recognize'
actionpack (8.1.3) lib/action_dispatch/journey/router.rb:66:in 'Array#each'
actionpack (8.1.3) lib/action_dispatch/journey/router.rb:66:in 'ActionDispatch::Journey::Router#recognize'
actionpack (8.1.3) lib/action_dispatch/journey/router.rb:31:in 'ActionDispatch::Journey::Router#serve'
actionpack (8.1.3) lib/action_dispatch/routing/route_set.rb:906:in 'ActionDispatch::Routing::RouteSet#call'
railties (8.1.3) lib/rails/engine/lazy_route_set.rb:60:in 'Rails::Engine::LazyRouteSet#call'
rack (3.2.6) lib/rack/tempfile_reaper.rb:20:in 'Rack::TempfileReaper#call'
rack (3.2.6) lib/rack/etag.rb:29:in 'Rack::ETag#call'
rack (3.2.6) lib/rack/conditional_get.rb:31:in 'Rack::ConditionalGet#call'
rack (3.2.6) lib/rack/head.rb:15:in 'Rack::Head#call'
actionpack (8.1.3) lib/action_dispatch/http/content_security_policy.rb:38:in 'ActionDispatch::ContentSecurityPolicy::Middleware#call'
rack-session (2.1.2) lib/rack/session/abstract/id.rb:274:in 'Rack::Session::Abstract::Persisted#context'
rack-session (2.1.2) lib/rack/session/abstract/id.rb:268:in 'Rack::Session::Abstract::Persisted#call'
actionpack (8.1.3) lib/action_dispatch/middleware/cookies.rb:708:in 'ActionDispatch::Cookies#call'
activerecord (8.1.3) lib/active_record/migration.rb:671:in 'ActiveRecord::Migration::CheckPending#call'
actionpack (8.1.3) lib/action_dispatch/middleware/callbacks.rb:31:in 'block in ActionDispatch::Callbacks#call'
activesupport (8.1.3) lib/active_support/callbacks.rb:101:in 'ActiveSupport::Callbacks#run_callbacks'
actionpack (8.1.3) lib/action_dispatch/middleware/callbacks.rb:30:in 'ActionDispatch::Callbacks#call'
actionpack (8.1.3) lib/action_dispatch/middleware/executor.rb:20:in 'ActionDispatch::Executor#call'
actionpack (8.1.3) lib/action_dispatch/middleware/actionable_exceptions.rb:18:in 'ActionDispatch::ActionableExceptions#call'
actionpack (8.1.3) lib/action_dispatch/middleware/debug_exceptions.rb:31:in 'ActionDispatch::DebugExceptions#call'
actionpack (8.1.3) lib/action_dispatch/middleware/show_exceptions.rb:32:in 'ActionDispatch::ShowExceptions#call'
railties (8.1.3) lib/rails/rack/logger.rb:41:in 'Rails::Rack::Logger#call_app'
railties (8.1.3) lib/rails/rack/logger.rb:29:in 'Rails::Rack::Logger#call'
propshaft (1.3.2) lib/propshaft/quiet_assets.rb:11:in 'Propshaft::QuietAssets#call'
actionpack (8.1.3) lib/action_dispatch/middleware/remote_ip.rb:98:in 'ActionDispatch::RemoteIp#call'
actionpack (8.1.3) lib/action_dispatch/middleware/request_id.rb:34:in 'ActionDispatch::RequestId#call'
rack (3.2.6) lib/rack/method_override.rb:28:in 'Rack::MethodOverride#call'
rack (3.2.6) lib/rack/runtime.rb:24:in 'Rack::Runtime#call'
activesupport (8.1.3) lib/active_support/cache/strategy/local_cache_middleware.rb:30:in 'ActiveSupport::Cache::Strategy::LocalCache::Middleware#call'
actionpack (8.1.3) lib/action_dispatch/middleware/server_timing.rb:61:in 'block in ActionDispatch::ServerTiming#call'
actionpack (8.1.3) lib/action_dispatch/middleware/server_timing.rb:26:in 'ActionDispatch::ServerTiming::Subscriber#collect_events'
actionpack (8.1.3) lib/action_dispatch/middleware/server_timing.rb:60:in 'ActionDispatch::ServerTiming#call'
actionpack (8.1.3) lib/action_dispatch/middleware/executor.rb:20:in 'ActionDispatch::Executor#call'
propshaft (1.3.2) lib/propshaft/server.rb:37:in 'Propshaft::Server#call'
actionpack (8.1.3) lib/action_dispatch/middleware/static.rb:27:in 'ActionDispatch::Static#call'
rack (3.2.6) lib/rack/sendfile.rb:131:in 'Rack::Sendfile#call'
actionpack (8.1.3) lib/action_dispatch/middleware/host_authorization.rb:143:in 'ActionDispatch::HostAuthorization#call'
railties (8.1.3) lib/rails/engine.rb:534:in 'Rails::Engine#call'
puma (8.0.2) lib/puma/configuration.rb:305:in 'Puma::Configuration::ConfigMiddleware#call'
puma (8.0.2) lib/puma/response.rb:79:in 'block in Puma::Response#handle_request'
puma (8.0.2) lib/puma/thread_pool.rb:434:in 'Puma::ThreadPool#with_force_shutdown'
puma (8.0.2) lib/puma/response.rb:78:in 'Puma::Response#handle_request'
puma (8.0.2) lib/puma/server.rb:508:in 'Puma::Server#process_client'
puma (8.0.2) lib/puma/server.rb:263:in 'block in Puma::Server#run'
puma (8.0.2) lib/puma/thread_pool.rb:246:in 'block in Puma::ThreadPool#spawn_thread'
Started GET "/designbook" for 127.0.0.1 at 2026-07-27 13:37:33 +0700
Processing by Designbook::PagesController#show as HTML
  Parameters: {"slug" => "index"}
Completed 500 Internal Server Error in 6ms (ActiveRecord: 0.0ms (0 queries, 0 cached) | GC: 0.5ms)


  
NoMethodError (undefined method 'key?' for an instance of Array):
  
commonmarker-2.9.0-arm64 (darwin) lib/commonmarker/config.rb:95:in 'block (3 levels) in <module:Config>'
commonmarker-2.9.0-arm64 (darwin) lib/commonmarker/config.rb:94:in 'Hash#each'
commonmarker-2.9.0-arm64 (darwin) lib/commonmarker/config.rb:94:in 'Enumerable#each_with_object'
commonmarker-2.9.0-arm64 (darwin) lib/commonmarker/config.rb:94:in 'block (2 levels) in <module:Config>'
commonmarker-2.9.0-arm64 (darwin) lib/commonmarker/config.rb:81:in 'Commonmarker::Config.process_options'
commonmarker-2.9.0-arm64 (darwin) lib/commonmarker.rb:41:in 'Commonmarker.to_html'
/Users/scott/scottharvey/designbook/lib/designbook/markdown_renderer.rb:16:in 'Designbook::MarkdownRenderer#render'
/Users/scott/scottharvey/designbook/app/controllers/designbook/pages_controller.rb:11:in 'Designbook::PagesController#show'
actionpack (8.1.3) lib/action_controller/metal/basic_implicit_render.rb:8:in 'ActionController::BasicImplicitRender#send_action'
actionpack (8.1.3) lib/abstract_controller/base.rb:221:in 'AbstractController::Base#process_action'
actionpack (8.1.3) lib/action_controller/metal/rendering.rb:199:in 'ActionController::Rendering#process_action'
actionpack (8.1.3) lib/abstract_controller/callbacks.rb:267:in 'block in AbstractController::Callbacks#process_action'
activesupport (8.1.3) lib/active_support/callbacks.rb:110:in 'ActiveSupport::Callbacks#run_callbacks'
actionpack (8.1.3) lib/abstract_controller/callbacks.rb:266:in 'AbstractController::Callbacks#process_action'
actionpack (8.1.3) lib/action_controller/metal/rescue.rb:36:in 'ActionController::Rescue#process_action'
actionpack (8.1.3) lib/action_controller/metal/instrumentation.rb:76:in 'block in ActionController::Instrumentation#process_action'
activesupport (8.1.3) lib/active_support/notifications.rb:210:in 'block in ActiveSupport::Notifications.instrument'
activesupport (8.1.3) lib/active_support/notifications/instrumenter.rb:58:in 'ActiveSupport::Notifications::Instrumenter#instrument'
activesupport (8.1.3) lib/active_support/notifications.rb:210:in 'ActiveSupport::Notifications.instrument'
actionpack (8.1.3) lib/action_controller/metal/instrumentation.rb:75:in 'ActionController::Instrumentation#process_action'
actionpack (8.1.3) lib/action_controller/metal/params_wrapper.rb:259:in 'ActionController::ParamsWrapper#process_action'
activerecord (8.1.3) lib/active_record/railties/controller_runtime.rb:39:in 'ActiveRecord::Railties::ControllerRuntime#process_action'
actionpack (8.1.3) lib/abstract_controller/base.rb:154:in 'AbstractController::Base#process'
actionview (8.1.3) lib/action_view/rendering.rb:40:in 'ActionView::Rendering#process'
actionpack (8.1.3) lib/action_controller/metal.rb:252:in 'ActionController::Metal#dispatch'
actionpack (8.1.3) lib/action_controller/metal.rb:335:in 'ActionController::Metal.dispatch'
actionpack (8.1.3) lib/action_dispatch/routing/route_set.rb:65:in 'ActionDispatch::Routing::RouteSet::Dispatcher#dispatch'
actionpack (8.1.3) lib/action_dispatch/routing/route_set.rb:50:in 'ActionDispatch::Routing::RouteSet::Dispatcher#serve'
actionpack (8.1.3) lib/action_dispatch/journey/router.rb:35:in 'block in ActionDispatch::Journey::Router#serve'
actionpack (8.1.3) lib/action_dispatch/journey/router.rb:86:in 'block in ActionDispatch::Journey::Router#recognize'
actionpack (8.1.3) lib/action_dispatch/journey/router.rb:66:in 'Array#each'
actionpack (8.1.3) lib/action_dispatch/journey/router.rb:66:in 'ActionDispatch::Journey::Router#recognize'
actionpack (8.1.3) lib/action_dispatch/journey/router.rb:31:in 'ActionDispatch::Journey::Router#serve'
actionpack (8.1.3) lib/action_dispatch/routing/route_set.rb:906:in 'ActionDispatch::Routing::RouteSet#call'
railties (8.1.3) lib/rails/engine/lazy_route_set.rb:60:in 'Rails::Engine::LazyRouteSet#call'
railties (8.1.3) lib/rails/engine.rb:534:in 'Rails::Engine#call'
railties (8.1.3) lib/rails/railtie.rb:225:in 'Kernel#public_send'
railties (8.1.3) lib/rails/railtie.rb:225:in 'Rails::Railtie.method_missing'
actionpack (8.1.3) lib/action_dispatch/routing/mapper.rb:33:in 'block in <class:Constraints>'
actionpack (8.1.3) lib/action_dispatch/routing/mapper.rb:62:in 'ActionDispatch::Routing::Mapper::Constraints#serve'
actionpack (8.1.3) lib/action_dispatch/journey/router.rb:35:in 'block in ActionDispatch::Journey::Router#serve'
actionpack (8.1.3) lib/action_dispatch/journey/router.rb:92:in 'block in ActionDispatch::Journey::Router#recognize'
actionpack (8.1.3) lib/action_dispatch/journey/router.rb:66:in 'Array#each'
actionpack (8.1.3) lib/action_dispatch/journey/router.rb:66:in 'ActionDispatch::Journey::Router#recognize'
actionpack (8.1.3) lib/action_dispatch/journey/router.rb:31:in 'ActionDispatch::Journey::Router#serve'
actionpack (8.1.3) lib/action_dispatch/routing/route_set.rb:906:in 'ActionDispatch::Routing::RouteSet#call'
railties (8.1.3) lib/rails/engine/lazy_route_set.rb:60:in 'Rails::Engine::LazyRouteSet#call'
rack (3.2.6) lib/rack/tempfile_reaper.rb:20:in 'Rack::TempfileReaper#call'
rack (3.2.6) lib/rack/etag.rb:29:in 'Rack::ETag#call'
rack (3.2.6) lib/rack/conditional_get.rb:31:in 'Rack::ConditionalGet#call'
rack (3.2.6) lib/rack/head.rb:15:in 'Rack::Head#call'
actionpack (8.1.3) lib/action_dispatch/http/content_security_policy.rb:38:in 'ActionDispatch::ContentSecurityPolicy::Middleware#call'
rack-session (2.1.2) lib/rack/session/abstract/id.rb:274:in 'Rack::Session::Abstract::Persisted#context'
rack-session (2.1.2) lib/rack/session/abstract/id.rb:268:in 'Rack::Session::Abstract::Persisted#call'
actionpack (8.1.3) lib/action_dispatch/middleware/cookies.rb:708:in 'ActionDispatch::Cookies#call'
activerecord (8.1.3) lib/active_record/migration.rb:671:in 'ActiveRecord::Migration::CheckPending#call'
actionpack (8.1.3) lib/action_dispatch/middleware/callbacks.rb:31:in 'block in ActionDispatch::Callbacks#call'
activesupport (8.1.3) lib/active_support/callbacks.rb:101:in 'ActiveSupport::Callbacks#run_callbacks'
actionpack (8.1.3) lib/action_dispatch/middleware/callbacks.rb:30:in 'ActionDispatch::Callbacks#call'
actionpack (8.1.3) lib/action_dispatch/middleware/executor.rb:20:in 'ActionDispatch::Executor#call'
actionpack (8.1.3) lib/action_dispatch/middleware/actionable_exceptions.rb:18:in 'ActionDispatch::ActionableExceptions#call'
actionpack (8.1.3) lib/action_dispatch/middleware/debug_exceptions.rb:31:in 'ActionDispatch::DebugExceptions#call'
actionpack (8.1.3) lib/action_dispatch/middleware/show_exceptions.rb:32:in 'ActionDispatch::ShowExceptions#call'
railties (8.1.3) lib/rails/rack/logger.rb:41:in 'Rails::Rack::Logger#call_app'
railties (8.1.3) lib/rails/rack/logger.rb:29:in 'Rails::Rack::Logger#call'
propshaft (1.3.2) lib/propshaft/quiet_assets.rb:11:in 'Propshaft::QuietAssets#call'
actionpack (8.1.3) lib/action_dispatch/middleware/remote_ip.rb:98:in 'ActionDispatch::RemoteIp#call'
actionpack (8.1.3) lib/action_dispatch/middleware/request_id.rb:34:in 'ActionDispatch::RequestId#call'
rack (3.2.6) lib/rack/method_override.rb:28:in 'Rack::MethodOverride#call'
rack (3.2.6) lib/rack/runtime.rb:24:in 'Rack::Runtime#call'
activesupport (8.1.3) lib/active_support/cache/strategy/local_cache_middleware.rb:30:in 'ActiveSupport::Cache::Strategy::LocalCache::Middleware#call'
actionpack (8.1.3) lib/action_dispatch/middleware/server_timing.rb:61:in 'block in ActionDispatch::ServerTiming#call'
actionpack (8.1.3) lib/action_dispatch/middleware/server_timing.rb:26:in 'ActionDispatch::ServerTiming::Subscriber#collect_events'
actionpack (8.1.3) lib/action_dispatch/middleware/server_timing.rb:60:in 'ActionDispatch::ServerTiming#call'
actionpack (8.1.3) lib/action_dispatch/middleware/executor.rb:20:in 'ActionDispatch::Executor#call'
propshaft (1.3.2) lib/propshaft/server.rb:37:in 'Propshaft::Server#call'
actionpack (8.1.3) lib/action_dispatch/middleware/static.rb:27:in 'ActionDispatch::Static#call'
rack (3.2.6) lib/rack/sendfile.rb:131:in 'Rack::Sendfile#call'
actionpack (8.1.3) lib/action_dispatch/middleware/host_authorization.rb:143:in 'ActionDispatch::HostAuthorization#call'
railties (8.1.3) lib/rails/engine.rb:534:in 'Rails::Engine#call'
puma (8.0.2) lib/puma/configuration.rb:305:in 'Puma::Configuration::ConfigMiddleware#call'
puma (8.0.2) lib/puma/response.rb:79:in 'block in Puma::Response#handle_request'
puma (8.0.2) lib/puma/thread_pool.rb:434:in 'Puma::ThreadPool#with_force_shutdown'
puma (8.0.2) lib/puma/response.rb:78:in 'Puma::Response#handle_request'
puma (8.0.2) lib/puma/server.rb:508:in 'Puma::Server#process_client'
puma (8.0.2) lib/puma/server.rb:263:in 'block in Puma::Server#run'
puma (8.0.2) lib/puma/thread_pool.rb:246:in 'block in Puma::ThreadPool#spawn_thread'
Started GET "/designbook" for 127.0.0.1 at 2026-07-27 13:37:39 +0700
  [1m[36mActiveRecord::SchemaMigration Load (0.1ms)[0m  [1m[34mSELECT "schema_migrations"."version" FROM "schema_migrations" ORDER BY "schema_migrations"."version" ASC /*application='Dummy'*/[0m
Processing by Designbook::PagesController#show as HTML
  Parameters: {"slug" => "index"}
Completed 500 Internal Server Error in 1ms (ActiveRecord: 0.0ms (0 queries, 0 cached) | GC: 0.0ms)


  
ArgumentError (wrong number of arguments (given 3, expected 1)):
  
commonmarker-2.9.0-arm64 (darwin) lib/commonmarker.rb:36:in 'to_html'
/Users/scott/scottharvey/designbook/lib/designbook/markdown_renderer.rb:16:in 'Designbook::MarkdownRenderer#render'
/Users/scott/scottharvey/designbook/app/controllers/designbook/pages_controller.rb:11:in 'Designbook::PagesController#show'
actionpack (8.1.3) lib/action_controller/metal/basic_implicit_render.rb:8:in 'ActionController::BasicImplicitRender#send_action'
actionpack (8.1.3) lib/abstract_controller/base.rb:221:in 'AbstractController::Base#process_action'
actionpack (8.1.3) lib/action_controller/metal/rendering.rb:199:in 'ActionController::Rendering#process_action'
actionpack (8.1.3) lib/abstract_controller/callbacks.rb:267:in 'block in AbstractController::Callbacks#process_action'
activesupport (8.1.3) lib/active_support/callbacks.rb:110:in 'ActiveSupport::Callbacks#run_callbacks'
actionpack (8.1.3) lib/abstract_controller/callbacks.rb:266:in 'AbstractController::Callbacks#process_action'
actionpack (8.1.3) lib/action_controller/metal/rescue.rb:36:in 'ActionController::Rescue#process_action'
actionpack (8.1.3) lib/action_controller/metal/instrumentation.rb:76:in 'block in ActionController::Instrumentation#process_action'
activesupport (8.1.3) lib/active_support/notifications.rb:210:in 'block in ActiveSupport::Notifications.instrument'
activesupport (8.1.3) lib/active_support/notifications/instrumenter.rb:58:in 'ActiveSupport::Notifications::Instrumenter#instrument'
activesupport (8.1.3) lib/active_support/notifications.rb:210:in 'ActiveSupport::Notifications.instrument'
actionpack (8.1.3) lib/action_controller/metal/instrumentation.rb:75:in 'ActionController::Instrumentation#process_action'
actionpack (8.1.3) lib/action_controller/metal/params_wrapper.rb:259:in 'ActionController::ParamsWrapper#process_action'
activerecord (8.1.3) lib/active_record/railties/controller_runtime.rb:39:in 'ActiveRecord::Railties::ControllerRuntime#process_action'
actionpack (8.1.3) lib/abstract_controller/base.rb:154:in 'AbstractController::Base#process'
actionview (8.1.3) lib/action_view/rendering.rb:40:in 'ActionView::Rendering#process'
actionpack (8.1.3) lib/action_controller/metal.rb:252:in 'ActionController::Metal#dispatch'
actionpack (8.1.3) lib/action_controller/metal.rb:335:in 'ActionController::Metal.dispatch'
actionpack (8.1.3) lib/action_dispatch/routing/route_set.rb:65:in 'ActionDispatch::Routing::RouteSet::Dispatcher#dispatch'
actionpack (8.1.3) lib/action_dispatch/routing/route_set.rb:50:in 'ActionDispatch::Routing::RouteSet::Dispatcher#serve'
actionpack (8.1.3) lib/action_dispatch/journey/router.rb:35:in 'block in ActionDispatch::Journey::Router#serve'
actionpack (8.1.3) lib/action_dispatch/journey/router.rb:86:in 'block in ActionDispatch::Journey::Router#recognize'
actionpack (8.1.3) lib/action_dispatch/journey/router.rb:66:in 'Array#each'
actionpack (8.1.3) lib/action_dispatch/journey/router.rb:66:in 'ActionDispatch::Journey::Router#recognize'
actionpack (8.1.3) lib/action_dispatch/journey/router.rb:31:in 'ActionDispatch::Journey::Router#serve'
actionpack (8.1.3) lib/action_dispatch/routing/route_set.rb:906:in 'ActionDispatch::Routing::RouteSet#call'
railties (8.1.3) lib/rails/engine/lazy_route_set.rb:60:in 'Rails::Engine::LazyRouteSet#call'
railties (8.1.3) lib/rails/engine.rb:534:in 'Rails::Engine#call'
railties (8.1.3) lib/rails/railtie.rb:225:in 'Kernel#public_send'
railties (8.1.3) lib/rails/railtie.rb:225:in 'Rails::Railtie.method_missing'
actionpack (8.1.3) lib/action_dispatch/routing/mapper.rb:33:in 'block in <class:Constraints>'
actionpack (8.1.3) lib/action_dispatch/routing/mapper.rb:62:in 'ActionDispatch::Routing::Mapper::Constraints#serve'
actionpack (8.1.3) lib/action_dispatch/journey/router.rb:35:in 'block in ActionDispatch::Journey::Router#serve'
actionpack (8.1.3) lib/action_dispatch/journey/router.rb:92:in 'block in ActionDispatch::Journey::Router#recognize'
actionpack (8.1.3) lib/action_dispatch/journey/router.rb:66:in 'Array#each'
actionpack (8.1.3) lib/action_dispatch/journey/router.rb:66:in 'ActionDispatch::Journey::Router#recognize'
actionpack (8.1.3) lib/action_dispatch/journey/router.rb:31:in 'ActionDispatch::Journey::Router#serve'
actionpack (8.1.3) lib/action_dispatch/routing/route_set.rb:906:in 'ActionDispatch::Routing::RouteSet#call'
railties (8.1.3) lib/rails/engine/lazy_route_set.rb:60:in 'Rails::Engine::LazyRouteSet#call'
rack (3.2.6) lib/rack/tempfile_reaper.rb:20:in 'Rack::TempfileReaper#call'
rack (3.2.6) lib/rack/etag.rb:29:in 'Rack::ETag#call'
rack (3.2.6) lib/rack/conditional_get.rb:31:in 'Rack::ConditionalGet#call'
rack (3.2.6) lib/rack/head.rb:15:in 'Rack::Head#call'
actionpack (8.1.3) lib/action_dispatch/http/content_security_policy.rb:38:in 'ActionDispatch::ContentSecurityPolicy::Middleware#call'
rack-session (2.1.2) lib/rack/session/abstract/id.rb:274:in 'Rack::Session::Abstract::Persisted#context'
rack-session (2.1.2) lib/rack/session/abstract/id.rb:268:in 'Rack::Session::Abstract::Persisted#call'
actionpack (8.1.3) lib/action_dispatch/middleware/cookies.rb:708:in 'ActionDispatch::Cookies#call'
activerecord (8.1.3) lib/active_record/migration.rb:671:in 'ActiveRecord::Migration::CheckPending#call'
actionpack (8.1.3) lib/action_dispatch/middleware/callbacks.rb:31:in 'block in ActionDispatch::Callbacks#call'
activesupport (8.1.3) lib/active_support/callbacks.rb:101:in 'ActiveSupport::Callbacks#run_callbacks'
actionpack (8.1.3) lib/action_dispatch/middleware/callbacks.rb:30:in 'ActionDispatch::Callbacks#call'
actionpack (8.1.3) lib/action_dispatch/middleware/executor.rb:20:in 'ActionDispatch::Executor#call'
actionpack (8.1.3) lib/action_dispatch/middleware/actionable_exceptions.rb:18:in 'ActionDispatch::ActionableExceptions#call'
actionpack (8.1.3) lib/action_dispatch/middleware/debug_exceptions.rb:31:in 'ActionDispatch::DebugExceptions#call'
actionpack (8.1.3) lib/action_dispatch/middleware/show_exceptions.rb:32:in 'ActionDispatch::ShowExceptions#call'
railties (8.1.3) lib/rails/rack/logger.rb:41:in 'Rails::Rack::Logger#call_app'
railties (8.1.3) lib/rails/rack/logger.rb:29:in 'Rails::Rack::Logger#call'
propshaft (1.3.2) lib/propshaft/quiet_assets.rb:11:in 'Propshaft::QuietAssets#call'
actionpack (8.1.3) lib/action_dispatch/middleware/remote_ip.rb:98:in 'ActionDispatch::RemoteIp#call'
actionpack (8.1.3) lib/action_dispatch/middleware/request_id.rb:34:in 'ActionDispatch::RequestId#call'
rack (3.2.6) lib/rack/method_override.rb:28:in 'Rack::MethodOverride#call'
rack (3.2.6) lib/rack/runtime.rb:24:in 'Rack::Runtime#call'
activesupport (8.1.3) lib/active_support/cache/strategy/local_cache_middleware.rb:30:in 'ActiveSupport::Cache::Strategy::LocalCache::Middleware#call'
actionpack (8.1.3) lib/action_dispatch/middleware/server_timing.rb:61:in 'block in ActionDispatch::ServerTiming#call'
actionpack (8.1.3) lib/action_dispatch/middleware/server_timing.rb:26:in 'ActionDispatch::ServerTiming::Subscriber#collect_events'
actionpack (8.1.3) lib/action_dispatch/middleware/server_timing.rb:60:in 'ActionDispatch::ServerTiming#call'
actionpack (8.1.3) lib/action_dispatch/middleware/executor.rb:20:in 'ActionDispatch::Executor#call'
propshaft (1.3.2) lib/propshaft/server.rb:37:in 'Propshaft::Server#call'
actionpack (8.1.3) lib/action_dispatch/middleware/static.rb:27:in 'ActionDispatch::Static#call'
rack (3.2.6) lib/rack/sendfile.rb:131:in 'Rack::Sendfile#call'
actionpack (8.1.3) lib/action_dispatch/middleware/host_authorization.rb:143:in 'ActionDispatch::HostAuthorization#call'
railties (8.1.3) lib/rails/engine.rb:534:in 'Rails::Engine#call'
puma (8.0.2) lib/puma/configuration.rb:305:in 'Puma::Configuration::ConfigMiddleware#call'
puma (8.0.2) lib/puma/response.rb:79:in 'block in Puma::Response#handle_request'
puma (8.0.2) lib/puma/thread_pool.rb:434:in 'Puma::ThreadPool#with_force_shutdown'
puma (8.0.2) lib/puma/response.rb:78:in 'Puma::Response#handle_request'
puma (8.0.2) lib/puma/server.rb:508:in 'Puma::Server#process_client'
puma (8.0.2) lib/puma/server.rb:263:in 'block in Puma::Server#run'
puma (8.0.2) lib/puma/thread_pool.rb:246:in 'block in Puma::ThreadPool#spawn_thread'
Started GET "/designbook" for 127.0.0.1 at 2026-07-27 13:40:32 +0700
Processing by Designbook::PagesController#show as HTML
  Parameters: {"slug" => "index"}
Completed 500 Internal Server Error in 2ms (ActiveRecord: 0.0ms (0 queries, 0 cached) | GC: 0.0ms)


  
ArgumentError (wrong number of arguments (given 3, expected 1)):
  
commonmarker-2.9.0-arm64 (darwin) lib/commonmarker.rb:36:in 'to_html'
/Users/scott/scottharvey/designbook/lib/designbook/markdown_renderer.rb:16:in 'Designbook::MarkdownRenderer#render'
/Users/scott/scottharvey/designbook/app/controllers/designbook/pages_controller.rb:11:in 'Designbook::PagesController#show'
actionpack (8.1.3) lib/action_controller/metal/basic_implicit_render.rb:8:in 'ActionController::BasicImplicitRender#send_action'
actionpack (8.1.3) lib/abstract_controller/base.rb:221:in 'AbstractController::Base#process_action'
actionpack (8.1.3) lib/action_controller/metal/rendering.rb:199:in 'ActionController::Rendering#process_action'
actionpack (8.1.3) lib/abstract_controller/callbacks.rb:267:in 'block in AbstractController::Callbacks#process_action'
activesupport (8.1.3) lib/active_support/callbacks.rb:110:in 'ActiveSupport::Callbacks#run_callbacks'
actionpack (8.1.3) lib/abstract_controller/callbacks.rb:266:in 'AbstractController::Callbacks#process_action'
actionpack (8.1.3) lib/action_controller/metal/rescue.rb:36:in 'ActionController::Rescue#process_action'
actionpack (8.1.3) lib/action_controller/metal/instrumentation.rb:76:in 'block in ActionController::Instrumentation#process_action'
activesupport (8.1.3) lib/active_support/notifications.rb:210:in 'block in ActiveSupport::Notifications.instrument'
activesupport (8.1.3) lib/active_support/notifications/instrumenter.rb:58:in 'ActiveSupport::Notifications::Instrumenter#instrument'
activesupport (8.1.3) lib/active_support/notifications.rb:210:in 'ActiveSupport::Notifications.instrument'
actionpack (8.1.3) lib/action_controller/metal/instrumentation.rb:75:in 'ActionController::Instrumentation#process_action'
actionpack (8.1.3) lib/action_controller/metal/params_wrapper.rb:259:in 'ActionController::ParamsWrapper#process_action'
activerecord (8.1.3) lib/active_record/railties/controller_runtime.rb:39:in 'ActiveRecord::Railties::ControllerRuntime#process_action'
actionpack (8.1.3) lib/abstract_controller/base.rb:154:in 'AbstractController::Base#process'
actionview (8.1.3) lib/action_view/rendering.rb:40:in 'ActionView::Rendering#process'
actionpack (8.1.3) lib/action_controller/metal.rb:252:in 'ActionController::Metal#dispatch'
actionpack (8.1.3) lib/action_controller/metal.rb:335:in 'ActionController::Metal.dispatch'
actionpack (8.1.3) lib/action_dispatch/routing/route_set.rb:65:in 'ActionDispatch::Routing::RouteSet::Dispatcher#dispatch'
actionpack (8.1.3) lib/action_dispatch/routing/route_set.rb:50:in 'ActionDispatch::Routing::RouteSet::Dispatcher#serve'
actionpack (8.1.3) lib/action_dispatch/journey/router.rb:35:in 'block in ActionDispatch::Journey::Router#serve'
actionpack (8.1.3) lib/action_dispatch/journey/router.rb:86:in 'block in ActionDispatch::Journey::Router#recognize'
actionpack (8.1.3) lib/action_dispatch/journey/router.rb:66:in 'Array#each'
actionpack (8.1.3) lib/action_dispatch/journey/router.rb:66:in 'ActionDispatch::Journey::Router#recognize'
actionpack (8.1.3) lib/action_dispatch/journey/router.rb:31:in 'ActionDispatch::Journey::Router#serve'
actionpack (8.1.3) lib/action_dispatch/routing/route_set.rb:906:in 'ActionDispatch::Routing::RouteSet#call'
railties (8.1.3) lib/rails/engine/lazy_route_set.rb:60:in 'Rails::Engine::LazyRouteSet#call'
railties (8.1.3) lib/rails/engine.rb:534:in 'Rails::Engine#call'
railties (8.1.3) lib/rails/railtie.rb:225:in 'Kernel#public_send'
railties (8.1.3) lib/rails/railtie.rb:225:in 'Rails::Railtie.method_missing'
actionpack (8.1.3) lib/action_dispatch/routing/mapper.rb:33:in 'block in <class:Constraints>'
actionpack (8.1.3) lib/action_dispatch/routing/mapper.rb:62:in 'ActionDispatch::Routing::Mapper::Constraints#serve'
actionpack (8.1.3) lib/action_dispatch/journey/router.rb:35:in 'block in ActionDispatch::Journey::Router#serve'
actionpack (8.1.3) lib/action_dispatch/journey/router.rb:92:in 'block in ActionDispatch::Journey::Router#recognize'
actionpack (8.1.3) lib/action_dispatch/journey/router.rb:66:in 'Array#each'
actionpack (8.1.3) lib/action_dispatch/journey/router.rb:66:in 'ActionDispatch::Journey::Router#recognize'
actionpack (8.1.3) lib/action_dispatch/journey/router.rb:31:in 'ActionDispatch::Journey::Router#serve'
actionpack (8.1.3) lib/action_dispatch/routing/route_set.rb:906:in 'ActionDispatch::Routing::RouteSet#call'
railties (8.1.3) lib/rails/engine/lazy_route_set.rb:60:in 'Rails::Engine::LazyRouteSet#call'
rack (3.2.6) lib/rack/tempfile_reaper.rb:20:in 'Rack::TempfileReaper#call'
rack (3.2.6) lib/rack/etag.rb:29:in 'Rack::ETag#call'
rack (3.2.6) lib/rack/conditional_get.rb:31:in 'Rack::ConditionalGet#call'
rack (3.2.6) lib/rack/head.rb:15:in 'Rack::Head#call'
actionpack (8.1.3) lib/action_dispatch/http/content_security_policy.rb:38:in 'ActionDispatch::ContentSecurityPolicy::Middleware#call'
rack-session (2.1.2) lib/rack/session/abstract/id.rb:274:in 'Rack::Session::Abstract::Persisted#context'
rack-session (2.1.2) lib/rack/session/abstract/id.rb:268:in 'Rack::Session::Abstract::Persisted#call'
actionpack (8.1.3) lib/action_dispatch/middleware/cookies.rb:708:in 'ActionDispatch::Cookies#call'
activerecord (8.1.3) lib/active_record/migration.rb:671:in 'ActiveRecord::Migration::CheckPending#call'
actionpack (8.1.3) lib/action_dispatch/middleware/callbacks.rb:31:in 'block in ActionDispatch::Callbacks#call'
activesupport (8.1.3) lib/active_support/callbacks.rb:101:in 'ActiveSupport::Callbacks#run_callbacks'
actionpack (8.1.3) lib/action_dispatch/middleware/callbacks.rb:30:in 'ActionDispatch::Callbacks#call'
actionpack (8.1.3) lib/action_dispatch/middleware/executor.rb:20:in 'ActionDispatch::Executor#call'
actionpack (8.1.3) lib/action_dispatch/middleware/actionable_exceptions.rb:18:in 'ActionDispatch::ActionableExceptions#call'
actionpack (8.1.3) lib/action_dispatch/middleware/debug_exceptions.rb:31:in 'ActionDispatch::DebugExceptions#call'
actionpack (8.1.3) lib/action_dispatch/middleware/show_exceptions.rb:32:in 'ActionDispatch::ShowExceptions#call'
railties (8.1.3) lib/rails/rack/logger.rb:41:in 'Rails::Rack::Logger#call_app'
railties (8.1.3) lib/rails/rack/logger.rb:29:in 'Rails::Rack::Logger#call'
propshaft (1.3.2) lib/propshaft/quiet_assets.rb:11:in 'Propshaft::QuietAssets#call'
actionpack (8.1.3) lib/action_dispatch/middleware/remote_ip.rb:98:in 'ActionDispatch::RemoteIp#call'
actionpack (8.1.3) lib/action_dispatch/middleware/request_id.rb:34:in 'ActionDispatch::RequestId#call'
rack (3.2.6) lib/rack/method_override.rb:28:in 'Rack::MethodOverride#call'
rack (3.2.6) lib/rack/runtime.rb:24:in 'Rack::Runtime#call'
activesupport (8.1.3) lib/active_support/cache/strategy/local_cache_middleware.rb:30:in 'ActiveSupport::Cache::Strategy::LocalCache::Middleware#call'
actionpack (8.1.3) lib/action_dispatch/middleware/server_timing.rb:61:in 'block in ActionDispatch::ServerTiming#call'
actionpack (8.1.3) lib/action_dispatch/middleware/server_timing.rb:26:in 'ActionDispatch::ServerTiming::Subscriber#collect_events'
actionpack (8.1.3) lib/action_dispatch/middleware/server_timing.rb:60:in 'ActionDispatch::ServerTiming#call'
actionpack (8.1.3) lib/action_dispatch/middleware/executor.rb:20:in 'ActionDispatch::Executor#call'
propshaft (1.3.2) lib/propshaft/server.rb:37:in 'Propshaft::Server#call'
actionpack (8.1.3) lib/action_dispatch/middleware/static.rb:27:in 'ActionDispatch::Static#call'
rack (3.2.6) lib/rack/sendfile.rb:131:in 'Rack::Sendfile#call'
actionpack (8.1.3) lib/action_dispatch/middleware/host_authorization.rb:143:in 'ActionDispatch::HostAuthorization#call'
railties (8.1.3) lib/rails/engine.rb:534:in 'Rails::Engine#call'
puma (8.0.2) lib/puma/configuration.rb:305:in 'Puma::Configuration::ConfigMiddleware#call'
puma (8.0.2) lib/puma/response.rb:79:in 'block in Puma::Response#handle_request'
puma (8.0.2) lib/puma/thread_pool.rb:434:in 'Puma::ThreadPool#with_force_shutdown'
puma (8.0.2) lib/puma/response.rb:78:in 'Puma::Response#handle_request'
puma (8.0.2) lib/puma/server.rb:508:in 'Puma::Server#process_client'
puma (8.0.2) lib/puma/server.rb:263:in 'block in Puma::Server#run'
puma (8.0.2) lib/puma/thread_pool.rb:246:in 'block in Puma::ThreadPool#spawn_thread'
Started GET "/designbook" for 127.0.0.1 at 2026-07-27 13:40:34 +0700
Processing by Designbook::PagesController#show as HTML
  Parameters: {"slug" => "index"}
Completed 500 Internal Server Error in 2ms (ActiveRecord: 0.0ms (0 queries, 0 cached) | GC: 0.0ms)


  
ArgumentError (wrong number of arguments (given 3, expected 1)):
  
commonmarker-2.9.0-arm64 (darwin) lib/commonmarker.rb:36:in 'to_html'
/Users/scott/scottharvey/designbook/lib/designbook/markdown_renderer.rb:16:in 'Designbook::MarkdownRenderer#render'
/Users/scott/scottharvey/designbook/app/controllers/designbook/pages_controller.rb:11:in 'Designbook::PagesController#show'
actionpack (8.1.3) lib/action_controller/metal/basic_implicit_render.rb:8:in 'ActionController::BasicImplicitRender#send_action'
actionpack (8.1.3) lib/abstract_controller/base.rb:221:in 'AbstractController::Base#process_action'
actionpack (8.1.3) lib/action_controller/metal/rendering.rb:199:in 'ActionController::Rendering#process_action'
actionpack (8.1.3) lib/abstract_controller/callbacks.rb:267:in 'block in AbstractController::Callbacks#process_action'
activesupport (8.1.3) lib/active_support/callbacks.rb:110:in 'ActiveSupport::Callbacks#run_callbacks'
actionpack (8.1.3) lib/abstract_controller/callbacks.rb:266:in 'AbstractController::Callbacks#process_action'
actionpack (8.1.3) lib/action_controller/metal/rescue.rb:36:in 'ActionController::Rescue#process_action'
actionpack (8.1.3) lib/action_controller/metal/instrumentation.rb:76:in 'block in ActionController::Instrumentation#process_action'
activesupport (8.1.3) lib/active_support/notifications.rb:210:in 'block in ActiveSupport::Notifications.instrument'
activesupport (8.1.3) lib/active_support/notifications/instrumenter.rb:58:in 'ActiveSupport::Notifications::Instrumenter#instrument'
activesupport (8.1.3) lib/active_support/notifications.rb:210:in 'ActiveSupport::Notifications.instrument'
actionpack (8.1.3) lib/action_controller/metal/instrumentation.rb:75:in 'ActionController::Instrumentation#process_action'
actionpack (8.1.3) lib/action_controller/metal/params_wrapper.rb:259:in 'ActionController::ParamsWrapper#process_action'
activerecord (8.1.3) lib/active_record/railties/controller_runtime.rb:39:in 'ActiveRecord::Railties::ControllerRuntime#process_action'
actionpack (8.1.3) lib/abstract_controller/base.rb:154:in 'AbstractController::Base#process'
actionview (8.1.3) lib/action_view/rendering.rb:40:in 'ActionView::Rendering#process'
actionpack (8.1.3) lib/action_controller/metal.rb:252:in 'ActionController::Metal#dispatch'
actionpack (8.1.3) lib/action_controller/metal.rb:335:in 'ActionController::Metal.dispatch'
actionpack (8.1.3) lib/action_dispatch/routing/route_set.rb:65:in 'ActionDispatch::Routing::RouteSet::Dispatcher#dispatch'
actionpack (8.1.3) lib/action_dispatch/routing/route_set.rb:50:in 'ActionDispatch::Routing::RouteSet::Dispatcher#serve'
actionpack (8.1.3) lib/action_dispatch/journey/router.rb:35:in 'block in ActionDispatch::Journey::Router#serve'
actionpack (8.1.3) lib/action_dispatch/journey/router.rb:86:in 'block in ActionDispatch::Journey::Router#recognize'
actionpack (8.1.3) lib/action_dispatch/journey/router.rb:66:in 'Array#each'
actionpack (8.1.3) lib/action_dispatch/journey/router.rb:66:in 'ActionDispatch::Journey::Router#recognize'
actionpack (8.1.3) lib/action_dispatch/journey/router.rb:31:in 'ActionDispatch::Journey::Router#serve'
actionpack (8.1.3) lib/action_dispatch/routing/route_set.rb:906:in 'ActionDispatch::Routing::RouteSet#call'
railties (8.1.3) lib/rails/engine/lazy_route_set.rb:60:in 'Rails::Engine::LazyRouteSet#call'
railties (8.1.3) lib/rails/engine.rb:534:in 'Rails::Engine#call'
railties (8.1.3) lib/rails/railtie.rb:225:in 'Kernel#public_send'
railties (8.1.3) lib/rails/railtie.rb:225:in 'Rails::Railtie.method_missing'
actionpack (8.1.3) lib/action_dispatch/routing/mapper.rb:33:in 'block in <class:Constraints>'
actionpack (8.1.3) lib/action_dispatch/routing/mapper.rb:62:in 'ActionDispatch::Routing::Mapper::Constraints#serve'
actionpack (8.1.3) lib/action_dispatch/journey/router.rb:35:in 'block in ActionDispatch::Journey::Router#serve'
actionpack (8.1.3) lib/action_dispatch/journey/router.rb:92:in 'block in ActionDispatch::Journey::Router#recognize'
actionpack (8.1.3) lib/action_dispatch/journey/router.rb:66:in 'Array#each'
actionpack (8.1.3) lib/action_dispatch/journey/router.rb:66:in 'ActionDispatch::Journey::Router#recognize'
actionpack (8.1.3) lib/action_dispatch/journey/router.rb:31:in 'ActionDispatch::Journey::Router#serve'
actionpack (8.1.3) lib/action_dispatch/routing/route_set.rb:906:in 'ActionDispatch::Routing::RouteSet#call'
railties (8.1.3) lib/rails/engine/lazy_route_set.rb:60:in 'Rails::Engine::LazyRouteSet#call'
rack (3.2.6) lib/rack/tempfile_reaper.rb:20:in 'Rack::TempfileReaper#call'
rack (3.2.6) lib/rack/etag.rb:29:in 'Rack::ETag#call'
rack (3.2.6) lib/rack/conditional_get.rb:31:in 'Rack::ConditionalGet#call'
rack (3.2.6) lib/rack/head.rb:15:in 'Rack::Head#call'
actionpack (8.1.3) lib/action_dispatch/http/content_security_policy.rb:38:in 'ActionDispatch::ContentSecurityPolicy::Middleware#call'
rack-session (2.1.2) lib/rack/session/abstract/id.rb:274:in 'Rack::Session::Abstract::Persisted#context'
rack-session (2.1.2) lib/rack/session/abstract/id.rb:268:in 'Rack::Session::Abstract::Persisted#call'
actionpack (8.1.3) lib/action_dispatch/middleware/cookies.rb:708:in 'ActionDispatch::Cookies#call'
activerecord (8.1.3) lib/active_record/migration.rb:671:in 'ActiveRecord::Migration::CheckPending#call'
actionpack (8.1.3) lib/action_dispatch/middleware/callbacks.rb:31:in 'block in ActionDispatch::Callbacks#call'
activesupport (8.1.3) lib/active_support/callbacks.rb:101:in 'ActiveSupport::Callbacks#run_callbacks'
actionpack (8.1.3) lib/action_dispatch/middleware/callbacks.rb:30:in 'ActionDispatch::Callbacks#call'
actionpack (8.1.3) lib/action_dispatch/middleware/executor.rb:20:in 'ActionDispatch::Executor#call'
actionpack (8.1.3) lib/action_dispatch/middleware/actionable_exceptions.rb:18:in 'ActionDispatch::ActionableExceptions#call'
actionpack (8.1.3) lib/action_dispatch/middleware/debug_exceptions.rb:31:in 'ActionDispatch::DebugExceptions#call'
actionpack (8.1.3) lib/action_dispatch/middleware/show_exceptions.rb:32:in 'ActionDispatch::ShowExceptions#call'
railties (8.1.3) lib/rails/rack/logger.rb:41:in 'Rails::Rack::Logger#call_app'
railties (8.1.3) lib/rails/rack/logger.rb:29:in 'Rails::Rack::Logger#call'
propshaft (1.3.2) lib/propshaft/quiet_assets.rb:11:in 'Propshaft::QuietAssets#call'
actionpack (8.1.3) lib/action_dispatch/middleware/remote_ip.rb:98:in 'ActionDispatch::RemoteIp#call'
actionpack (8.1.3) lib/action_dispatch/middleware/request_id.rb:34:in 'ActionDispatch::RequestId#call'
rack (3.2.6) lib/rack/method_override.rb:28:in 'Rack::MethodOverride#call'
rack (3.2.6) lib/rack/runtime.rb:24:in 'Rack::Runtime#call'
activesupport (8.1.3) lib/active_support/cache/strategy/local_cache_middleware.rb:30:in 'ActiveSupport::Cache::Strategy::LocalCache::Middleware#call'
actionpack (8.1.3) lib/action_dispatch/middleware/server_timing.rb:61:in 'block in ActionDispatch::ServerTiming#call'
actionpack (8.1.3) lib/action_dispatch/middleware/server_timing.rb:26:in 'ActionDispatch::ServerTiming::Subscriber#collect_events'
actionpack (8.1.3) lib/action_dispatch/middleware/server_timing.rb:60:in 'ActionDispatch::ServerTiming#call'
actionpack (8.1.3) lib/action_dispatch/middleware/executor.rb:20:in 'ActionDispatch::Executor#call'
propshaft (1.3.2) lib/propshaft/server.rb:37:in 'Propshaft::Server#call'
actionpack (8.1.3) lib/action_dispatch/middleware/static.rb:27:in 'ActionDispatch::Static#call'
rack (3.2.6) lib/rack/sendfile.rb:131:in 'Rack::Sendfile#call'
actionpack (8.1.3) lib/action_dispatch/middleware/host_authorization.rb:143:in 'ActionDispatch::HostAuthorization#call'
railties (8.1.3) lib/rails/engine.rb:534:in 'Rails::Engine#call'
puma (8.0.2) lib/puma/configuration.rb:305:in 'Puma::Configuration::ConfigMiddleware#call'
puma (8.0.2) lib/puma/response.rb:79:in 'block in Puma::Response#handle_request'
puma (8.0.2) lib/puma/thread_pool.rb:434:in 'Puma::ThreadPool#with_force_shutdown'
puma (8.0.2) lib/puma/response.rb:78:in 'Puma::Response#handle_request'
puma (8.0.2) lib/puma/server.rb:508:in 'Puma::Server#process_client'
puma (8.0.2) lib/puma/server.rb:263:in 'block in Puma::Server#run'
puma (8.0.2) lib/puma/thread_pool.rb:246:in 'block in Puma::ThreadPool#spawn_thread'
Started GET "/designbook" for 127.0.0.1 at 2026-07-27 13:40:39 +0700
  [1m[36mActiveRecord::SchemaMigration Load (0.1ms)[0m  [1m[34mSELECT "schema_migrations"."version" FROM "schema_migrations" ORDER BY "schema_migrations"."version" ASC /*application='Dummy'*/[0m
Processing by Designbook::PagesController#show as HTML
  Parameters: {"slug" => "index"}
Completed 500 Internal Server Error in 1ms (ActiveRecord: 0.0ms (0 queries, 0 cached) | GC: 0.0ms)


  
TypeError (no implicit conversion of Symbol into Integer):
  
commonmarker-2.9.0-arm64 (darwin) lib/commonmarker/config.rb:87:in 'Array#fetch'
commonmarker-2.9.0-arm64 (darwin) lib/commonmarker/config.rb:87:in 'Commonmarker::Config.process_plugins'
commonmarker-2.9.0-arm64 (darwin) lib/commonmarker.rb:42:in 'Commonmarker.to_html'
/Users/scott/scottharvey/designbook/lib/designbook/markdown_renderer.rb:16:in 'Designbook::MarkdownRenderer#render'
/Users/scott/scottharvey/designbook/app/controllers/designbook/pages_controller.rb:11:in 'Designbook::PagesController#show'
actionpack (8.1.3) lib/action_controller/metal/basic_implicit_render.rb:8:in 'ActionController::BasicImplicitRender#send_action'
actionpack (8.1.3) lib/abstract_controller/base.rb:221:in 'AbstractController::Base#process_action'
actionpack (8.1.3) lib/action_controller/metal/rendering.rb:199:in 'ActionController::Rendering#process_action'
actionpack (8.1.3) lib/abstract_controller/callbacks.rb:267:in 'block in AbstractController::Callbacks#process_action'
activesupport (8.1.3) lib/active_support/callbacks.rb:110:in 'ActiveSupport::Callbacks#run_callbacks'
actionpack (8.1.3) lib/abstract_controller/callbacks.rb:266:in 'AbstractController::Callbacks#process_action'
actionpack (8.1.3) lib/action_controller/metal/rescue.rb:36:in 'ActionController::Rescue#process_action'
actionpack (8.1.3) lib/action_controller/metal/instrumentation.rb:76:in 'block in ActionController::Instrumentation#process_action'
activesupport (8.1.3) lib/active_support/notifications.rb:210:in 'block in ActiveSupport::Notifications.instrument'
activesupport (8.1.3) lib/active_support/notifications/instrumenter.rb:58:in 'ActiveSupport::Notifications::Instrumenter#instrument'
activesupport (8.1.3) lib/active_support/notifications.rb:210:in 'ActiveSupport::Notifications.instrument'
actionpack (8.1.3) lib/action_controller/metal/instrumentation.rb:75:in 'ActionController::Instrumentation#process_action'
actionpack (8.1.3) lib/action_controller/metal/params_wrapper.rb:259:in 'ActionController::ParamsWrapper#process_action'
activerecord (8.1.3) lib/active_record/railties/controller_runtime.rb:39:in 'ActiveRecord::Railties::ControllerRuntime#process_action'
actionpack (8.1.3) lib/abstract_controller/base.rb:154:in 'AbstractController::Base#process'
actionview (8.1.3) lib/action_view/rendering.rb:40:in 'ActionView::Rendering#process'
actionpack (8.1.3) lib/action_controller/metal.rb:252:in 'ActionController::Metal#dispatch'
actionpack (8.1.3) lib/action_controller/metal.rb:335:in 'ActionController::Metal.dispatch'
actionpack (8.1.3) lib/action_dispatch/routing/route_set.rb:65:in 'ActionDispatch::Routing::RouteSet::Dispatcher#dispatch'
actionpack (8.1.3) lib/action_dispatch/routing/route_set.rb:50:in 'ActionDispatch::Routing::RouteSet::Dispatcher#serve'
actionpack (8.1.3) lib/action_dispatch/journey/router.rb:35:in 'block in ActionDispatch::Journey::Router#serve'
actionpack (8.1.3) lib/action_dispatch/journey/router.rb:86:in 'block in ActionDispatch::Journey::Router#recognize'
actionpack (8.1.3) lib/action_dispatch/journey/router.rb:66:in 'Array#each'
actionpack (8.1.3) lib/action_dispatch/journey/router.rb:66:in 'ActionDispatch::Journey::Router#recognize'
actionpack (8.1.3) lib/action_dispatch/journey/router.rb:31:in 'ActionDispatch::Journey::Router#serve'
actionpack (8.1.3) lib/action_dispatch/routing/route_set.rb:906:in 'ActionDispatch::Routing::RouteSet#call'
railties (8.1.3) lib/rails/engine/lazy_route_set.rb:60:in 'Rails::Engine::LazyRouteSet#call'
railties (8.1.3) lib/rails/engine.rb:534:in 'Rails::Engine#call'
railties (8.1.3) lib/rails/railtie.rb:225:in 'Kernel#public_send'
railties (8.1.3) lib/rails/railtie.rb:225:in 'Rails::Railtie.method_missing'
actionpack (8.1.3) lib/action_dispatch/routing/mapper.rb:33:in 'block in <class:Constraints>'
actionpack (8.1.3) lib/action_dispatch/routing/mapper.rb:62:in 'ActionDispatch::Routing::Mapper::Constraints#serve'
actionpack (8.1.3) lib/action_dispatch/journey/router.rb:35:in 'block in ActionDispatch::Journey::Router#serve'
actionpack (8.1.3) lib/action_dispatch/journey/router.rb:92:in 'block in ActionDispatch::Journey::Router#recognize'
actionpack (8.1.3) lib/action_dispatch/journey/router.rb:66:in 'Array#each'
actionpack (8.1.3) lib/action_dispatch/journey/router.rb:66:in 'ActionDispatch::Journey::Router#recognize'
actionpack (8.1.3) lib/action_dispatch/journey/router.rb:31:in 'ActionDispatch::Journey::Router#serve'
actionpack (8.1.3) lib/action_dispatch/routing/route_set.rb:906:in 'ActionDispatch::Routing::RouteSet#call'
railties (8.1.3) lib/rails/engine/lazy_route_set.rb:60:in 'Rails::Engine::LazyRouteSet#call'
rack (3.2.6) lib/rack/tempfile_reaper.rb:20:in 'Rack::TempfileReaper#call'
rack (3.2.6) lib/rack/etag.rb:29:in 'Rack::ETag#call'
rack (3.2.6) lib/rack/conditional_get.rb:31:in 'Rack::ConditionalGet#call'
rack (3.2.6) lib/rack/head.rb:15:in 'Rack::Head#call'
actionpack (8.1.3) lib/action_dispatch/http/content_security_policy.rb:38:in 'ActionDispatch::ContentSecurityPolicy::Middleware#call'
rack-session (2.1.2) lib/rack/session/abstract/id.rb:274:in 'Rack::Session::Abstract::Persisted#context'
rack-session (2.1.2) lib/rack/session/abstract/id.rb:268:in 'Rack::Session::Abstract::Persisted#call'
actionpack (8.1.3) lib/action_dispatch/middleware/cookies.rb:708:in 'ActionDispatch::Cookies#call'
activerecord (8.1.3) lib/active_record/migration.rb:671:in 'ActiveRecord::Migration::CheckPending#call'
actionpack (8.1.3) lib/action_dispatch/middleware/callbacks.rb:31:in 'block in ActionDispatch::Callbacks#call'
activesupport (8.1.3) lib/active_support/callbacks.rb:101:in 'ActiveSupport::Callbacks#run_callbacks'
actionpack (8.1.3) lib/action_dispatch/middleware/callbacks.rb:30:in 'ActionDispatch::Callbacks#call'
actionpack (8.1.3) lib/action_dispatch/middleware/executor.rb:20:in 'ActionDispatch::Executor#call'
actionpack (8.1.3) lib/action_dispatch/middleware/actionable_exceptions.rb:18:in 'ActionDispatch::ActionableExceptions#call'
actionpack (8.1.3) lib/action_dispatch/middleware/debug_exceptions.rb:31:in 'ActionDispatch::DebugExceptions#call'
actionpack (8.1.3) lib/action_dispatch/middleware/show_exceptions.rb:32:in 'ActionDispatch::ShowExceptions#call'
railties (8.1.3) lib/rails/rack/logger.rb:41:in 'Rails::Rack::Logger#call_app'
railties (8.1.3) lib/rails/rack/logger.rb:29:in 'Rails::Rack::Logger#call'
propshaft (1.3.2) lib/propshaft/quiet_assets.rb:11:in 'Propshaft::QuietAssets#call'
actionpack (8.1.3) lib/action_dispatch/middleware/remote_ip.rb:98:in 'ActionDispatch::RemoteIp#call'
actionpack (8.1.3) lib/action_dispatch/middleware/request_id.rb:34:in 'ActionDispatch::RequestId#call'
rack (3.2.6) lib/rack/method_override.rb:28:in 'Rack::MethodOverride#call'
rack (3.2.6) lib/rack/runtime.rb:24:in 'Rack::Runtime#call'
activesupport (8.1.3) lib/active_support/cache/strategy/local_cache_middleware.rb:30:in 'ActiveSupport::Cache::Strategy::LocalCache::Middleware#call'
actionpack (8.1.3) lib/action_dispatch/middleware/server_timing.rb:61:in 'block in ActionDispatch::ServerTiming#call'
actionpack (8.1.3) lib/action_dispatch/middleware/server_timing.rb:26:in 'ActionDispatch::ServerTiming::Subscriber#collect_events'
actionpack (8.1.3) lib/action_dispatch/middleware/server_timing.rb:60:in 'ActionDispatch::ServerTiming#call'
actionpack (8.1.3) lib/action_dispatch/middleware/executor.rb:20:in 'ActionDispatch::Executor#call'
propshaft (1.3.2) lib/propshaft/server.rb:37:in 'Propshaft::Server#call'
actionpack (8.1.3) lib/action_dispatch/middleware/static.rb:27:in 'ActionDispatch::Static#call'
rack (3.2.6) lib/rack/sendfile.rb:131:in 'Rack::Sendfile#call'
actionpack (8.1.3) lib/action_dispatch/middleware/host_authorization.rb:143:in 'ActionDispatch::HostAuthorization#call'
railties (8.1.3) lib/rails/engine.rb:534:in 'Rails::Engine#call'
puma (8.0.2) lib/puma/configuration.rb:305:in 'Puma::Configuration::ConfigMiddleware#call'
puma (8.0.2) lib/puma/response.rb:79:in 'block in Puma::Response#handle_request'
puma (8.0.2) lib/puma/thread_pool.rb:434:in 'Puma::ThreadPool#with_force_shutdown'
puma (8.0.2) lib/puma/response.rb:78:in 'Puma::Response#handle_request'
puma (8.0.2) lib/puma/server.rb:508:in 'Puma::Server#process_client'
puma (8.0.2) lib/puma/server.rb:263:in 'block in Puma::Server#run'
puma (8.0.2) lib/puma/thread_pool.rb:246:in 'block in Puma::ThreadPool#spawn_thread'
Started GET "/designbook" for 127.0.0.1 at 2026-07-27 13:50:40 +0700
  [1m[36mActiveRecord::SchemaMigration Load (0.1ms)[0m  [1m[34mSELECT "schema_migrations"."version" FROM "schema_migrations" ORDER BY "schema_migrations"."version" ASC /*application='Dummy'*/[0m
Processing by Designbook::PagesController#show as HTML
  Parameters: {"slug" => "index"}
  Rendering layout /Users/scott/scottharvey/designbook/app/views/layouts/designbook/application.html.erb
  Rendering /Users/scott/scottharvey/designbook/app/views/designbook/pages/show.html.erb within layouts/designbook/application
  Rendered /Users/scott/scottharvey/designbook/app/views/designbook/pages/show.html.erb within layouts/designbook/application (Duration: 1.4ms | GC: 0.0ms)
  Rendered layout /Users/scott/scottharvey/designbook/app/views/layouts/designbook/application.html.erb (Duration: 4.0ms | GC: 0.0ms)
Completed 200 OK in 13ms (Views: 7.4ms | ActiveRecord: 0.0ms (0 queries, 0 cached) | GC: 0.0ms)


Started GET "/designbook/foundations/typography" for 127.0.0.1 at 2026-07-27 13:50:42 +0700
Processing by Designbook::PagesController#show as HTML
  Parameters: {"slug" => "foundations/typography"}
  Rendering layout /Users/scott/scottharvey/designbook/app/views/layouts/designbook/application.html.erb
  Rendering /Users/scott/scottharvey/designbook/app/views/designbook/pages/show.html.erb within layouts/designbook/application
  Rendered /Users/scott/scottharvey/designbook/app/views/designbook/pages/show.html.erb within layouts/designbook/application (Duration: 0.2ms | GC: 0.0ms)
  Rendered layout /Users/scott/scottharvey/designbook/app/views/layouts/designbook/application.html.erb (Duration: 1.9ms | GC: 0.0ms)
Completed 200 OK in 4ms (Views: 2.3ms | ActiveRecord: 0.0ms (0 queries, 0 cached) | GC: 0.0ms)


Started GET "/designbook/" for 127.0.0.1 at 2026-07-27 13:50:45 +0700
Processing by Designbook::PagesController#show as HTML
  Parameters: {"slug" => "index"}
  Rendering layout /Users/scott/scottharvey/designbook/app/views/layouts/designbook/application.html.erb
  Rendering /Users/scott/scottharvey/designbook/app/views/designbook/pages/show.html.erb within layouts/designbook/application
  Rendered /Users/scott/scottharvey/designbook/app/views/designbook/pages/show.html.erb within layouts/designbook/application (Duration: 0.6ms | GC: 0.0ms)
  Rendered layout /Users/scott/scottharvey/designbook/app/views/layouts/designbook/application.html.erb (Duration: 2.3ms | GC: 0.0ms)
Completed 200 OK in 4ms (Views: 2.6ms | ActiveRecord: 0.0ms (0 queries, 0 cached) | GC: 0.0ms)


Started GET "/designbook/foundations/typography" for 127.0.0.1 at 2026-07-27 13:50:46 +0700
Processing by Designbook::PagesController#show as HTML
  Parameters: {"slug" => "foundations/typography"}
  Rendering layout /Users/scott/scottharvey/designbook/app/views/layouts/designbook/application.html.erb
  Rendering /Users/scott/scottharvey/designbook/app/views/designbook/pages/show.html.erb within layouts/designbook/application
  Rendered /Users/scott/scottharvey/designbook/app/views/designbook/pages/show.html.erb within layouts/designbook/application (Duration: 0.2ms | GC: 0.0ms)
  Rendered layout /Users/scott/scottharvey/designbook/app/views/layouts/designbook/application.html.erb (Duration: 1.1ms | GC: 0.0ms)
Completed 200 OK in 3ms (Views: 1.5ms | ActiveRecord: 0.0ms (0 queries, 0 cached) | GC: 0.0ms)


Started GET "/designbook/" for 127.0.0.1 at 2026-07-27 13:50:48 +0700
Processing by Designbook::PagesController#show as HTML
  Parameters: {"slug" => "index"}
  Rendering layout /Users/scott/scottharvey/designbook/app/views/layouts/designbook/application.html.erb
  Rendering /Users/scott/scottharvey/designbook/app/views/designbook/pages/show.html.erb within layouts/designbook/application
  Rendered /Users/scott/scottharvey/designbook/app/views/designbook/pages/show.html.erb within layouts/designbook/application (Duration: 0.5ms | GC: 0.0ms)
  Rendered layout /Users/scott/scottharvey/designbook/app/views/layouts/designbook/application.html.erb (Duration: 1.5ms | GC: 0.0ms)
Completed 200 OK in 4ms (Views: 1.9ms | ActiveRecord: 0.0ms (0 queries, 0 cached) | GC: 0.0ms)


Started GET "/designbook/foundations/typography" for 127.0.0.1 at 2026-07-27 13:51:27 +0700
Processing by Designbook::PagesController#show as HTML
  Parameters: {"slug" => "foundations/typography"}
  Rendering layout /Users/scott/scottharvey/designbook/app/views/layouts/designbook/application.html.erb
  Rendering /Users/scott/scottharvey/designbook/app/views/designbook/pages/show.html.erb within layouts/designbook/application
  Rendered /Users/scott/scottharvey/designbook/app/views/designbook/pages/show.html.erb within layouts/designbook/application (Duration: 0.3ms | GC: 0.0ms)
  Rendered layout /Users/scott/scottharvey/designbook/app/views/layouts/designbook/application.html.erb (Duration: 1.0ms | GC: 0.0ms)
Completed 200 OK in 3ms (Views: 1.3ms | ActiveRecord: 0.0ms (0 queries, 0 cached) | GC: 0.0ms)


Started GET "/designbook/" for 127.0.0.1 at 2026-07-27 13:51:28 +0700
Processing by Designbook::PagesController#show as HTML
  Parameters: {"slug" => "index"}
  Rendering layout /Users/scott/scottharvey/designbook/app/views/layouts/designbook/application.html.erb
  Rendering /Users/scott/scottharvey/designbook/app/views/designbook/pages/show.html.erb within layouts/designbook/application
  Rendered /Users/scott/scottharvey/designbook/app/views/designbook/pages/show.html.erb within layouts/designbook/application (Duration: 0.4ms | GC: 0.0ms)
  Rendered layout /Users/scott/scottharvey/designbook/app/views/layouts/designbook/application.html.erb (Duration: 1.2ms | GC: 0.0ms)
Completed 200 OK in 3ms (Views: 1.6ms | ActiveRecord: 0.0ms (0 queries, 0 cached) | GC: 0.0ms)


Started GET "/designbook/foundations/typography" for 127.0.0.1 at 2026-07-27 13:51:29 +0700
Processing by Designbook::PagesController#show as HTML
  Parameters: {"slug" => "foundations/typography"}
  Rendering layout /Users/scott/scottharvey/designbook/app/views/layouts/designbook/application.html.erb
  Rendering /Users/scott/scottharvey/designbook/app/views/designbook/pages/show.html.erb within layouts/designbook/application
  Rendered /Users/scott/scottharvey/designbook/app/views/designbook/pages/show.html.erb within layouts/designbook/application (Duration: 0.2ms | GC: 0.0ms)
  Rendered layout /Users/scott/scottharvey/designbook/app/views/layouts/designbook/application.html.erb (Duration: 0.9ms | GC: 0.0ms)
Completed 200 OK in 2ms (Views: 1.2ms | ActiveRecord: 0.0ms (0 queries, 0 cached) | GC: 0.0ms)


Started GET "/designbook/" for 127.0.0.1 at 2026-07-27 13:51:32 +0700
Processing by Designbook::PagesController#show as HTML
  Parameters: {"slug" => "index"}
  Rendering layout /Users/scott/scottharvey/designbook/app/views/layouts/designbook/application.html.erb
  Rendering /Users/scott/scottharvey/designbook/app/views/designbook/pages/show.html.erb within layouts/designbook/application
  Rendered /Users/scott/scottharvey/designbook/app/views/designbook/pages/show.html.erb within layouts/designbook/application (Duration: 0.2ms | GC: 0.0ms)
  Rendered layout /Users/scott/scottharvey/designbook/app/views/layouts/designbook/application.html.erb (Duration: 0.8ms | GC: 0.0ms)
Completed 200 OK in 2ms (Views: 1.1ms | ActiveRecord: 0.0ms (0 queries, 0 cached) | GC: 0.0ms)


Started GET "/designbook/" for 127.0.0.1 at 2026-07-27 13:51:44 +0700
Processing by Designbook::PagesController#show as HTML
  Parameters: {"slug" => "index"}
  Rendering layout /Users/scott/scottharvey/designbook/app/views/layouts/designbook/application.html.erb
  Rendering /Users/scott/scottharvey/designbook/app/views/designbook/pages/show.html.erb within layouts/designbook/application
  Rendered /Users/scott/scottharvey/designbook/app/views/designbook/pages/show.html.erb within layouts/designbook/application (Duration: 1.2ms | GC: 0.6ms)
  Rendered layout /Users/scott/scottharvey/designbook/app/views/layouts/designbook/application.html.erb (Duration: 2.7ms | GC: 1.1ms)
Completed 200 OK in 6ms (Views: 3.9ms | ActiveRecord: 0.0ms (0 queries, 0 cached) | GC: 1.9ms)


Started GET "/designbook/foundations/typography" for 127.0.0.1 at 2026-07-27 13:52:04 +0700
Processing by Designbook::PagesController#show as HTML
  Parameters: {"slug" => "foundations/typography"}
  Rendering layout /Users/scott/scottharvey/designbook/app/views/layouts/designbook/application.html.erb
  Rendering /Users/scott/scottharvey/designbook/app/views/designbook/pages/show.html.erb within layouts/designbook/application
  Rendered /Users/scott/scottharvey/designbook/app/views/designbook/pages/show.html.erb within layouts/designbook/application (Duration: 0.3ms | GC: 0.0ms)
  Rendered layout /Users/scott/scottharvey/designbook/app/views/layouts/designbook/application.html.erb (Duration: 4.8ms | GC: 3.7ms)
Completed 200 OK in 9ms (Views: 5.3ms | ActiveRecord: 0.0ms (0 queries, 0 cached) | GC: 6.2ms)


Started GET "/designbook/" for 127.0.0.1 at 2026-07-27 13:52:20 +0700
Processing by Designbook::PagesController#show as HTML
  Parameters: {"slug" => "index"}
  Rendering layout /Users/scott/scottharvey/designbook/app/views/layouts/designbook/application.html.erb
  Rendering /Users/scott/scottharvey/designbook/app/views/designbook/pages/show.html.erb within layouts/designbook/application
  Rendered /Users/scott/scottharvey/designbook/app/views/designbook/pages/show.html.erb within layouts/designbook/application (Duration: 1.1ms | GC: 0.6ms)
  Rendered layout /Users/scott/scottharvey/designbook/app/views/layouts/designbook/application.html.erb (Duration: 2.7ms | GC: 1.4ms)
Completed 200 OK in 9ms (Views: 3.8ms | ActiveRecord: 0.0ms (0 queries, 0 cached) | GC: 5.0ms)


Started GET "/designbook/foundations/typography" for 127.0.0.1 at 2026-07-27 13:52:21 +0700
Processing by Designbook::PagesController#show as HTML
  Parameters: {"slug" => "foundations/typography"}
  Rendering layout /Users/scott/scottharvey/designbook/app/views/layouts/designbook/application.html.erb
  Rendering /Users/scott/scottharvey/designbook/app/views/designbook/pages/show.html.erb within layouts/designbook/application
  Rendered /Users/scott/scottharvey/designbook/app/views/designbook/pages/show.html.erb within layouts/designbook/application (Duration: 0.3ms | GC: 0.0ms)
  Rendered layout /Users/scott/scottharvey/designbook/app/views/layouts/designbook/application.html.erb (Duration: 1.8ms | GC: 0.6ms)
Completed 200 OK in 8ms (Views: 2.7ms | ActiveRecord: 0.0ms (0 queries, 0 cached) | GC: 3.3ms)


Started GET "/designbook/" for 127.0.0.1 at 2026-07-27 13:52:24 +0700
Processing by Designbook::PagesController#show as HTML
  Parameters: {"slug" => "index"}
  Rendering layout /Users/scott/scottharvey/designbook/app/views/layouts/designbook/application.html.erb
  Rendering /Users/scott/scottharvey/designbook/app/views/designbook/pages/show.html.erb within layouts/designbook/application
  Rendered /Users/scott/scottharvey/designbook/app/views/designbook/pages/show.html.erb within layouts/designbook/application (Duration: 0.2ms | GC: 0.0ms)
  Rendered layout /Users/scott/scottharvey/designbook/app/views/layouts/designbook/application.html.erb (Duration: 2.0ms | GC: 1.2ms)
Completed 200 OK in 5ms (Views: 2.3ms | ActiveRecord: 0.0ms (0 queries, 0 cached) | GC: 2.5ms)


Started GET "/designbook/foundations/typography" for 127.0.0.1 at 2026-07-27 13:52:26 +0700
Processing by Designbook::PagesController#show as HTML
  Parameters: {"slug" => "foundations/typography"}
  Rendering layout /Users/scott/scottharvey/designbook/app/views/layouts/designbook/application.html.erb
  Rendering /Users/scott/scottharvey/designbook/app/views/designbook/pages/show.html.erb within layouts/designbook/application
  Rendered /Users/scott/scottharvey/designbook/app/views/designbook/pages/show.html.erb within layouts/designbook/application (Duration: 1.3ms | GC: 0.8ms)
  Rendered layout /Users/scott/scottharvey/designbook/app/views/layouts/designbook/application.html.erb (Duration: 4.2ms | GC: 2.6ms)
Completed 200 OK in 11ms (Views: 6.0ms | ActiveRecord: 0.0ms (0 queries, 0 cached) | GC: 5.8ms)


Started GET "/designbook/" for 127.0.0.1 at 2026-07-27 13:52:29 +0700
Processing by Designbook::PagesController#show as HTML
  Parameters: {"slug" => "index"}
  Rendering layout /Users/scott/scottharvey/designbook/app/views/layouts/designbook/application.html.erb
  Rendering /Users/scott/scottharvey/designbook/app/views/designbook/pages/show.html.erb within layouts/designbook/application
  Rendered /Users/scott/scottharvey/designbook/app/views/designbook/pages/show.html.erb within layouts/designbook/application (Duration: 0.3ms | GC: 0.0ms)
  Rendered layout /Users/scott/scottharvey/designbook/app/views/layouts/designbook/application.html.erb (Duration: 1.4ms | GC: 0.0ms)
Completed 200 OK in 6ms (Views: 1.8ms | ActiveRecord: 0.0ms (0 queries, 0 cached) | GC: 2.6ms)


Started GET "/designbook/foundations/typography" for 127.0.0.1 at 2026-07-27 13:52:30 +0700
Processing by Designbook::PagesController#show as HTML
  Parameters: {"slug" => "foundations/typography"}
  Rendering layout /Users/scott/scottharvey/designbook/app/views/layouts/designbook/application.html.erb
  Rendering /Users/scott/scottharvey/designbook/app/views/designbook/pages/show.html.erb within layouts/designbook/application
  Rendered /Users/scott/scottharvey/designbook/app/views/designbook/pages/show.html.erb within layouts/designbook/application (Duration: 0.2ms | GC: 0.0ms)
  Rendered layout /Users/scott/scottharvey/designbook/app/views/layouts/designbook/application.html.erb (Duration: 0.7ms | GC: 0.0ms)
Completed 200 OK in 3ms (Views: 1.0ms | ActiveRecord: 0.0ms (0 queries, 0 cached) | GC: 0.7ms)


Started GET "/designbook/foundations/typography" for 127.0.0.1 at 2026-07-27 13:55:33 +0700
Processing by Designbook::PagesController#show as HTML
  Parameters: {"slug" => "foundations/typography"}
Completed 500 Internal Server Error in 2ms (ActiveRecord: 0.0ms (0 queries, 0 cached) | GC: 0.0ms)


  
NoMethodError (undefined method 'backlinks_for' for an instance of Designbook::Catalog):
  
/Users/scott/scottharvey/designbook/app/controllers/designbook/pages_controller.rb:11:in 'Designbook::PagesController#show'
actionpack (8.1.3) lib/action_controller/metal/basic_implicit_render.rb:8:in 'ActionController::BasicImplicitRender#send_action'
actionpack (8.1.3) lib/abstract_controller/base.rb:221:in 'AbstractController::Base#process_action'
actionpack (8.1.3) lib/action_controller/metal/rendering.rb:199:in 'ActionController::Rendering#process_action'
actionpack (8.1.3) lib/abstract_controller/callbacks.rb:267:in 'block in AbstractController::Callbacks#process_action'
activesupport (8.1.3) lib/active_support/callbacks.rb:110:in 'ActiveSupport::Callbacks#run_callbacks'
actionpack (8.1.3) lib/abstract_controller/callbacks.rb:266:in 'AbstractController::Callbacks#process_action'
actionpack (8.1.3) lib/action_controller/metal/rescue.rb:36:in 'ActionController::Rescue#process_action'
actionpack (8.1.3) lib/action_controller/metal/instrumentation.rb:76:in 'block in ActionController::Instrumentation#process_action'
activesupport (8.1.3) lib/active_support/notifications.rb:210:in 'block in ActiveSupport::Notifications.instrument'
activesupport (8.1.3) lib/active_support/notifications/instrumenter.rb:58:in 'ActiveSupport::Notifications::Instrumenter#instrument'
activesupport (8.1.3) lib/active_support/notifications.rb:210:in 'ActiveSupport::Notifications.instrument'
actionpack (8.1.3) lib/action_controller/metal/instrumentation.rb:75:in 'ActionController::Instrumentation#process_action'
actionpack (8.1.3) lib/action_controller/metal/params_wrapper.rb:259:in 'ActionController::ParamsWrapper#process_action'
activerecord (8.1.3) lib/active_record/railties/controller_runtime.rb:39:in 'ActiveRecord::Railties::ControllerRuntime#process_action'
actionpack (8.1.3) lib/abstract_controller/base.rb:154:in 'AbstractController::Base#process'
actionview (8.1.3) lib/action_view/rendering.rb:40:in 'ActionView::Rendering#process'
actionpack (8.1.3) lib/action_controller/metal.rb:252:in 'ActionController::Metal#dispatch'
actionpack (8.1.3) lib/action_controller/metal.rb:335:in 'ActionController::Metal.dispatch'
actionpack (8.1.3) lib/action_dispatch/routing/route_set.rb:65:in 'ActionDispatch::Routing::RouteSet::Dispatcher#dispatch'
actionpack (8.1.3) lib/action_dispatch/routing/route_set.rb:50:in 'ActionDispatch::Routing::RouteSet::Dispatcher#serve'
actionpack (8.1.3) lib/action_dispatch/journey/router.rb:35:in 'block in ActionDispatch::Journey::Router#serve'
actionpack (8.1.3) lib/action_dispatch/journey/router.rb:86:in 'block in ActionDispatch::Journey::Router#recognize'
actionpack (8.1.3) lib/action_dispatch/journey/router.rb:66:in 'Array#each'
actionpack (8.1.3) lib/action_dispatch/journey/router.rb:66:in 'ActionDispatch::Journey::Router#recognize'
actionpack (8.1.3) lib/action_dispatch/journey/router.rb:31:in 'ActionDispatch::Journey::Router#serve'
actionpack (8.1.3) lib/action_dispatch/routing/route_set.rb:906:in 'ActionDispatch::Routing::RouteSet#call'
railties (8.1.3) lib/rails/engine/lazy_route_set.rb:60:in 'Rails::Engine::LazyRouteSet#call'
railties (8.1.3) lib/rails/engine.rb:534:in 'Rails::Engine#call'
railties (8.1.3) lib/rails/railtie.rb:225:in 'Kernel#public_send'
railties (8.1.3) lib/rails/railtie.rb:225:in 'Rails::Railtie.method_missing'
actionpack (8.1.3) lib/action_dispatch/routing/mapper.rb:33:in 'block in <class:Constraints>'
actionpack (8.1.3) lib/action_dispatch/routing/mapper.rb:62:in 'ActionDispatch::Routing::Mapper::Constraints#serve'
actionpack (8.1.3) lib/action_dispatch/journey/router.rb:35:in 'block in ActionDispatch::Journey::Router#serve'
actionpack (8.1.3) lib/action_dispatch/journey/router.rb:92:in 'block in ActionDispatch::Journey::Router#recognize'
actionpack (8.1.3) lib/action_dispatch/journey/router.rb:66:in 'Array#each'
actionpack (8.1.3) lib/action_dispatch/journey/router.rb:66:in 'ActionDispatch::Journey::Router#recognize'
actionpack (8.1.3) lib/action_dispatch/journey/router.rb:31:in 'ActionDispatch::Journey::Router#serve'
actionpack (8.1.3) lib/action_dispatch/routing/route_set.rb:906:in 'ActionDispatch::Routing::RouteSet#call'
railties (8.1.3) lib/rails/engine/lazy_route_set.rb:60:in 'Rails::Engine::LazyRouteSet#call'
rack (3.2.6) lib/rack/tempfile_reaper.rb:20:in 'Rack::TempfileReaper#call'
rack (3.2.6) lib/rack/etag.rb:29:in 'Rack::ETag#call'
rack (3.2.6) lib/rack/conditional_get.rb:31:in 'Rack::ConditionalGet#call'
rack (3.2.6) lib/rack/head.rb:15:in 'Rack::Head#call'
actionpack (8.1.3) lib/action_dispatch/http/content_security_policy.rb:38:in 'ActionDispatch::ContentSecurityPolicy::Middleware#call'
rack-session (2.1.2) lib/rack/session/abstract/id.rb:274:in 'Rack::Session::Abstract::Persisted#context'
rack-session (2.1.2) lib/rack/session/abstract/id.rb:268:in 'Rack::Session::Abstract::Persisted#call'
actionpack (8.1.3) lib/action_dispatch/middleware/cookies.rb:708:in 'ActionDispatch::Cookies#call'
activerecord (8.1.3) lib/active_record/migration.rb:671:in 'ActiveRecord::Migration::CheckPending#call'
actionpack (8.1.3) lib/action_dispatch/middleware/callbacks.rb:31:in 'block in ActionDispatch::Callbacks#call'
activesupport (8.1.3) lib/active_support/callbacks.rb:101:in 'ActiveSupport::Callbacks#run_callbacks'
actionpack (8.1.3) lib/action_dispatch/middleware/callbacks.rb:30:in 'ActionDispatch::Callbacks#call'
actionpack (8.1.3) lib/action_dispatch/middleware/executor.rb:20:in 'ActionDispatch::Executor#call'
actionpack (8.1.3) lib/action_dispatch/middleware/actionable_exceptions.rb:18:in 'ActionDispatch::ActionableExceptions#call'
actionpack (8.1.3) lib/action_dispatch/middleware/debug_exceptions.rb:31:in 'ActionDispatch::DebugExceptions#call'
actionpack (8.1.3) lib/action_dispatch/middleware/show_exceptions.rb:32:in 'ActionDispatch::ShowExceptions#call'
railties (8.1.3) lib/rails/rack/logger.rb:41:in 'Rails::Rack::Logger#call_app'
railties (8.1.3) lib/rails/rack/logger.rb:29:in 'Rails::Rack::Logger#call'
propshaft (1.3.2) lib/propshaft/quiet_assets.rb:11:in 'Propshaft::QuietAssets#call'
actionpack (8.1.3) lib/action_dispatch/middleware/remote_ip.rb:98:in 'ActionDispatch::RemoteIp#call'
actionpack (8.1.3) lib/action_dispatch/middleware/request_id.rb:34:in 'ActionDispatch::RequestId#call'
rack (3.2.6) lib/rack/method_override.rb:28:in 'Rack::MethodOverride#call'
rack (3.2.6) lib/rack/runtime.rb:24:in 'Rack::Runtime#call'
activesupport (8.1.3) lib/active_support/cache/strategy/local_cache_middleware.rb:30:in 'ActiveSupport::Cache::Strategy::LocalCache::Middleware#call'
actionpack (8.1.3) lib/action_dispatch/middleware/server_timing.rb:61:in 'block in ActionDispatch::ServerTiming#call'
actionpack (8.1.3) lib/action_dispatch/middleware/server_timing.rb:26:in 'ActionDispatch::ServerTiming::Subscriber#collect_events'
actionpack (8.1.3) lib/action_dispatch/middleware/server_timing.rb:60:in 'ActionDispatch::ServerTiming#call'
actionpack (8.1.3) lib/action_dispatch/middleware/executor.rb:20:in 'ActionDispatch::Executor#call'
propshaft (1.3.2) lib/propshaft/server.rb:37:in 'Propshaft::Server#call'
actionpack (8.1.3) lib/action_dispatch/middleware/static.rb:27:in 'ActionDispatch::Static#call'
rack (3.2.6) lib/rack/sendfile.rb:131:in 'Rack::Sendfile#call'
actionpack (8.1.3) lib/action_dispatch/middleware/host_authorization.rb:143:in 'ActionDispatch::HostAuthorization#call'
railties (8.1.3) lib/rails/engine.rb:534:in 'Rails::Engine#call'
puma (8.0.2) lib/puma/configuration.rb:305:in 'Puma::Configuration::ConfigMiddleware#call'
puma (8.0.2) lib/puma/response.rb:79:in 'block in Puma::Response#handle_request'
puma (8.0.2) lib/puma/thread_pool.rb:434:in 'Puma::ThreadPool#with_force_shutdown'
puma (8.0.2) lib/puma/response.rb:78:in 'Puma::Response#handle_request'
puma (8.0.2) lib/puma/server.rb:508:in 'Puma::Server#process_client'
puma (8.0.2) lib/puma/server.rb:263:in 'block in Puma::Server#run'
puma (8.0.2) lib/puma/thread_pool.rb:246:in 'block in Puma::ThreadPool#spawn_thread'
Started GET "/designbook/foundations/typography" for 127.0.0.1 at 2026-07-27 13:55:38 +0700
  [1m[36mActiveRecord::SchemaMigration Load (0.1ms)[0m  [1m[34mSELECT "schema_migrations"."version" FROM "schema_migrations" ORDER BY "schema_migrations"."version" ASC /*application='Dummy'*/[0m
Processing by Designbook::PagesController#show as HTML
  Parameters: {"slug" => "foundations/typography"}
  Rendering layout /Users/scott/scottharvey/designbook/app/views/layouts/designbook/application.html.erb
  Rendering /Users/scott/scottharvey/designbook/app/views/designbook/pages/show.html.erb within layouts/designbook/application
  Rendered /Users/scott/scottharvey/designbook/app/views/designbook/pages/show.html.erb within layouts/designbook/application (Duration: 1.1ms | GC: 0.0ms)
  Rendered layout /Users/scott/scottharvey/designbook/app/views/layouts/designbook/application.html.erb (Duration: 5.6ms | GC: 0.0ms)
Completed 200 OK in 13ms (Views: 7.6ms | ActiveRecord: 0.0ms (0 queries, 0 cached) | GC: 0.0ms)


Started GET "/designbook/search?q=typ" for 127.0.0.1 at 2026-07-27 13:55:42 +0700
Processing by Designbook::SearchController#index as HTML
  Parameters: {"q" => "typ"}
  Rendering layout /Users/scott/scottharvey/designbook/app/views/layouts/designbook/application.html.erb
  Rendering /Users/scott/scottharvey/designbook/app/views/designbook/search/index.html.erb within layouts/designbook/application
  Rendered /Users/scott/scottharvey/designbook/app/views/designbook/search/index.html.erb within layouts/designbook/application (Duration: 0.9ms | GC: 0.0ms)
  Rendered layout /Users/scott/scottharvey/designbook/app/views/layouts/designbook/application.html.erb (Duration: 4.4ms | GC: 0.0ms)
Completed 500 Internal Server Error in 8ms (ActiveRecord: 0.0ms (0 queries, 0 cached) | GC: 0.0ms)


  
ActionView::Template::Error (undefined local variable or method 'current_page' for an instance of #<Class:0x0000000133116a50>)
Caused by: NameError (undefined local variable or method 'current_page' for an instance of #<Class:0x0000000133116a50>)

Information for: ActionView::Template::Error (undefined local variable or method 'current_page' for an instance of #<Class:0x0000000133116a50>):
    25:           <% pages.each do |page| %>
    26:             <li>
    27:               <%= link_to page.title, designbook_page_path_for(page), class: "db-nav-link#{page == current_page ? " is-active" : ""}" %>
    28:             </li>
    29:           <% end %>
    30:         </ul>
    31:       </section>
  
railties (8.1.3) lib/rails/engine/lazy_route_set.rb:96:in 'method_missing'
/Users/scott/scottharvey/designbook/app/views/layouts/designbook/application.html.erb:28
/Users/scott/scottharvey/designbook/app/views/layouts/designbook/application.html.erb:26:in 'Array#each'
/Users/scott/scottharvey/designbook/app/views/layouts/designbook/application.html.erb:26
/Users/scott/scottharvey/designbook/app/views/layouts/designbook/application.html.erb:22:in 'Hash#each'
/Users/scott/scottharvey/designbook/app/views/layouts/designbook/application.html.erb:22
actionview (8.1.3) lib/action_view/base.rb:281:in 'Kernel#public_send'
actionview (8.1.3) lib/action_view/base.rb:281:in 'ActionView::Base#_run'
actionview (8.1.3) lib/action_view/template.rb:284:in 'block in ActionView::Template#render'
activesupport (8.1.3) lib/active_support/notifications.rb:212:in 'ActiveSupport::Notifications.instrument'
actionview (8.1.3) lib/action_view/template.rb:589:in 'ActionView::Template#instrument_render_template'
actionview (8.1.3) lib/action_view/template.rb:272:in 'ActionView::Template#render'
actionview (8.1.3) lib/action_view/renderer/template_renderer.rb:77:in 'block in ActionView::TemplateRenderer#render_with_layout'
activesupport (8.1.3) lib/active_support/notifications.rb:210:in 'block in ActiveSupport::Notifications.instrument'
activesupport (8.1.3) lib/active_support/notifications/instrumenter.rb:58:in 'ActiveSupport::Notifications::Instrumenter#instrument'
activesupport (8.1.3) lib/active_support/notifications.rb:210:in 'ActiveSupport::Notifications.instrument'
actionview (8.1.3) lib/action_view/renderer/template_renderer.rb:75:in 'ActionView::TemplateRenderer#render_with_layout'
actionview (8.1.3) lib/action_view/renderer/template_renderer.rb:59:in 'ActionView::TemplateRenderer#render_template'
actionview (8.1.3) lib/action_view/renderer/template_renderer.rb:11:in 'ActionView::TemplateRenderer#render'
actionview (8.1.3) lib/action_view/renderer/renderer.rb:58:in 'ActionView::Renderer#render_template_to_object'
actionview (8.1.3) lib/action_view/renderer/renderer.rb:31:in 'ActionView::Renderer#render_to_object'
actionview (8.1.3) lib/action_view/rendering.rb:136:in 'block in ActionView::Rendering#_render_template'
actionview (8.1.3) lib/action_view/base.rb:308:in 'ActionView::Base#in_rendering_context'
actionview (8.1.3) lib/action_view/rendering.rb:135:in 'ActionView::Rendering#_render_template'
actionpack (8.1.3) lib/action_controller/metal/streaming.rb:179:in 'ActionController::Streaming#_render_template'
actionview (8.1.3) lib/action_view/rendering.rb:122:in 'ActionView::Rendering#render_to_body'
actionpack (8.1.3) lib/action_controller/metal/rendering.rb:192:in 'ActionController::Rendering#render_to_body'
actionpack (8.1.3) lib/action_controller/metal/renderers.rb:155:in 'ActionController::Renderers#render_to_body'
actionpack (8.1.3) lib/abstract_controller/rendering.rb:28:in 'AbstractController::Rendering#render'
actionpack (8.1.3) lib/action_controller/metal/rendering.rb:173:in 'ActionController::Rendering#render'
actionpack (8.1.3) lib/action_controller/metal/instrumentation.rb:31:in 'block (2 levels) in ActionController::Instrumentation#render'
activesupport (8.1.3) lib/active_support/benchmark.rb:17:in 'ActiveSupport::Benchmark.realtime'
actionpack (8.1.3) lib/action_controller/metal/instrumentation.rb:31:in 'block in ActionController::Instrumentation#render'
actionpack (8.1.3) lib/action_controller/metal/instrumentation.rb:100:in 'ActionController::Instrumentation#cleanup_view_runtime'
activerecord (8.1.3) lib/active_record/railties/controller_runtime.rb:48:in 'ActiveRecord::Railties::ControllerRuntime#cleanup_view_runtime'
actionpack (8.1.3) lib/action_controller/metal/instrumentation.rb:30:in 'ActionController::Instrumentation#render'
actionpack (8.1.3) lib/action_controller/metal/implicit_render.rb:39:in 'ActionController::ImplicitRender#default_render'
actionpack (8.1.3) lib/action_controller/metal/basic_implicit_render.rb:9:in 'ActionController::BasicImplicitRender#send_action'
actionpack (8.1.3) lib/abstract_controller/base.rb:221:in 'AbstractController::Base#process_action'
actionpack (8.1.3) lib/action_controller/metal/rendering.rb:199:in 'ActionController::Rendering#process_action'
actionpack (8.1.3) lib/abstract_controller/callbacks.rb:267:in 'block in AbstractController::Callbacks#process_action'
activesupport (8.1.3) lib/active_support/callbacks.rb:110:in 'ActiveSupport::Callbacks#run_callbacks'
actionpack (8.1.3) lib/abstract_controller/callbacks.rb:266:in 'AbstractController::Callbacks#process_action'
actionpack (8.1.3) lib/action_controller/metal/rescue.rb:36:in 'ActionController::Rescue#process_action'
actionpack (8.1.3) lib/action_controller/metal/instrumentation.rb:76:in 'block in ActionController::Instrumentation#process_action'
activesupport (8.1.3) lib/active_support/notifications.rb:210:in 'block in ActiveSupport::Notifications.instrument'
activesupport (8.1.3) lib/active_support/notifications/instrumenter.rb:58:in 'ActiveSupport::Notifications::Instrumenter#instrument'
activesupport (8.1.3) lib/active_support/notifications.rb:210:in 'ActiveSupport::Notifications.instrument'
actionpack (8.1.3) lib/action_controller/metal/instrumentation.rb:75:in 'ActionController::Instrumentation#process_action'
actionpack (8.1.3) lib/action_controller/metal/params_wrapper.rb:259:in 'ActionController::ParamsWrapper#process_action'
activerecord (8.1.3) lib/active_record/railties/controller_runtime.rb:39:in 'ActiveRecord::Railties::ControllerRuntime#process_action'
actionpack (8.1.3) lib/abstract_controller/base.rb:154:in 'AbstractController::Base#process'
actionview (8.1.3) lib/action_view/rendering.rb:40:in 'ActionView::Rendering#process'
actionpack (8.1.3) lib/action_controller/metal.rb:252:in 'ActionController::Metal#dispatch'
actionpack (8.1.3) lib/action_controller/metal.rb:335:in 'ActionController::Metal.dispatch'
actionpack (8.1.3) lib/action_dispatch/routing/route_set.rb:65:in 'ActionDispatch::Routing::RouteSet::Dispatcher#dispatch'
actionpack (8.1.3) lib/action_dispatch/routing/route_set.rb:50:in 'ActionDispatch::Routing::RouteSet::Dispatcher#serve'
actionpack (8.1.3) lib/action_dispatch/journey/router.rb:35:in 'block in ActionDispatch::Journey::Router#serve'
actionpack (8.1.3) lib/action_dispatch/journey/router.rb:86:in 'block in ActionDispatch::Journey::Router#recognize'
actionpack (8.1.3) lib/action_dispatch/journey/router.rb:66:in 'Array#each'
actionpack (8.1.3) lib/action_dispatch/journey/router.rb:66:in 'ActionDispatch::Journey::Router#recognize'
actionpack (8.1.3) lib/action_dispatch/journey/router.rb:31:in 'ActionDispatch::Journey::Router#serve'
actionpack (8.1.3) lib/action_dispatch/routing/route_set.rb:906:in 'ActionDispatch::Routing::RouteSet#call'
railties (8.1.3) lib/rails/engine/lazy_route_set.rb:60:in 'Rails::Engine::LazyRouteSet#call'
railties (8.1.3) lib/rails/engine.rb:534:in 'Rails::Engine#call'
railties (8.1.3) lib/rails/railtie.rb:225:in 'Kernel#public_send'
railties (8.1.3) lib/rails/railtie.rb:225:in 'Rails::Railtie.method_missing'
actionpack (8.1.3) lib/action_dispatch/routing/mapper.rb:33:in 'block in <class:Constraints>'
actionpack (8.1.3) lib/action_dispatch/routing/mapper.rb:62:in 'ActionDispatch::Routing::Mapper::Constraints#serve'
actionpack (8.1.3) lib/action_dispatch/journey/router.rb:35:in 'block in ActionDispatch::Journey::Router#serve'
actionpack (8.1.3) lib/action_dispatch/journey/router.rb:92:in 'block in ActionDispatch::Journey::Router#recognize'
actionpack (8.1.3) lib/action_dispatch/journey/router.rb:66:in 'Array#each'
actionpack (8.1.3) lib/action_dispatch/journey/router.rb:66:in 'ActionDispatch::Journey::Router#recognize'
actionpack (8.1.3) lib/action_dispatch/journey/router.rb:31:in 'ActionDispatch::Journey::Router#serve'
actionpack (8.1.3) lib/action_dispatch/routing/route_set.rb:906:in 'ActionDispatch::Routing::RouteSet#call'
railties (8.1.3) lib/rails/engine/lazy_route_set.rb:60:in 'Rails::Engine::LazyRouteSet#call'
rack (3.2.6) lib/rack/tempfile_reaper.rb:20:in 'Rack::TempfileReaper#call'
rack (3.2.6) lib/rack/etag.rb:29:in 'Rack::ETag#call'
rack (3.2.6) lib/rack/conditional_get.rb:31:in 'Rack::ConditionalGet#call'
rack (3.2.6) lib/rack/head.rb:15:in 'Rack::Head#call'
actionpack (8.1.3) lib/action_dispatch/http/content_security_policy.rb:38:in 'ActionDispatch::ContentSecurityPolicy::Middleware#call'
rack-session (2.1.2) lib/rack/session/abstract/id.rb:274:in 'Rack::Session::Abstract::Persisted#context'
rack-session (2.1.2) lib/rack/session/abstract/id.rb:268:in 'Rack::Session::Abstract::Persisted#call'
actionpack (8.1.3) lib/action_dispatch/middleware/cookies.rb:708:in 'ActionDispatch::Cookies#call'
activerecord (8.1.3) lib/active_record/migration.rb:671:in 'ActiveRecord::Migration::CheckPending#call'
actionpack (8.1.3) lib/action_dispatch/middleware/callbacks.rb:31:in 'block in ActionDispatch::Callbacks#call'
activesupport (8.1.3) lib/active_support/callbacks.rb:101:in 'ActiveSupport::Callbacks#run_callbacks'
actionpack (8.1.3) lib/action_dispatch/middleware/callbacks.rb:30:in 'ActionDispatch::Callbacks#call'
actionpack (8.1.3) lib/action_dispatch/middleware/executor.rb:20:in 'ActionDispatch::Executor#call'
actionpack (8.1.3) lib/action_dispatch/middleware/actionable_exceptions.rb:18:in 'ActionDispatch::ActionableExceptions#call'
actionpack (8.1.3) lib/action_dispatch/middleware/debug_exceptions.rb:31:in 'ActionDispatch::DebugExceptions#call'
actionpack (8.1.3) lib/action_dispatch/middleware/show_exceptions.rb:32:in 'ActionDispatch::ShowExceptions#call'
railties (8.1.3) lib/rails/rack/logger.rb:41:in 'Rails::Rack::Logger#call_app'
railties (8.1.3) lib/rails/rack/logger.rb:29:in 'Rails::Rack::Logger#call'
propshaft (1.3.2) lib/propshaft/quiet_assets.rb:11:in 'Propshaft::QuietAssets#call'
actionpack (8.1.3) lib/action_dispatch/middleware/remote_ip.rb:98:in 'ActionDispatch::RemoteIp#call'
actionpack (8.1.3) lib/action_dispatch/middleware/request_id.rb:34:in 'ActionDispatch::RequestId#call'
rack (3.2.6) lib/rack/method_override.rb:28:in 'Rack::MethodOverride#call'
rack (3.2.6) lib/rack/runtime.rb:24:in 'Rack::Runtime#call'
activesupport (8.1.3) lib/active_support/cache/strategy/local_cache_middleware.rb:30:in 'ActiveSupport::Cache::Strategy::LocalCache::Middleware#call'
actionpack (8.1.3) lib/action_dispatch/middleware/server_timing.rb:61:in 'block in ActionDispatch::ServerTiming#call'
actionpack (8.1.3) lib/action_dispatch/middleware/server_timing.rb:26:in 'ActionDispatch::ServerTiming::Subscriber#collect_events'
actionpack (8.1.3) lib/action_dispatch/middleware/server_timing.rb:60:in 'ActionDispatch::ServerTiming#call'
actionpack (8.1.3) lib/action_dispatch/middleware/executor.rb:20:in 'ActionDispatch::Executor#call'
propshaft (1.3.2) lib/propshaft/server.rb:37:in 'Propshaft::Server#call'
actionpack (8.1.3) lib/action_dispatch/middleware/static.rb:27:in 'ActionDispatch::Static#call'
rack (3.2.6) lib/rack/sendfile.rb:131:in 'Rack::Sendfile#call'
actionpack (8.1.3) lib/action_dispatch/middleware/host_authorization.rb:143:in 'ActionDispatch::HostAuthorization#call'
railties (8.1.3) lib/rails/engine.rb:534:in 'Rails::Engine#call'
puma (8.0.2) lib/puma/configuration.rb:305:in 'Puma::Configuration::ConfigMiddleware#call'
puma (8.0.2) lib/puma/response.rb:79:in 'block in Puma::Response#handle_request'
puma (8.0.2) lib/puma/thread_pool.rb:434:in 'Puma::ThreadPool#with_force_shutdown'
puma (8.0.2) lib/puma/response.rb:78:in 'Puma::Response#handle_request'
puma (8.0.2) lib/puma/server.rb:508:in 'Puma::Server#process_client'
puma (8.0.2) lib/puma/server.rb:263:in 'block in Puma::Server#run'
puma (8.0.2) lib/puma/thread_pool.rb:246:in 'block in Puma::ThreadPool#spawn_thread'

Information for cause: NameError (undefined local variable or method 'current_page' for an instance of #<Class:0x0000000133116a50>):
  
railties (8.1.3) lib/rails/engine/lazy_route_set.rb:96:in 'method_missing'
/Users/scott/scottharvey/designbook/app/views/layouts/designbook/application.html.erb:28
/Users/scott/scottharvey/designbook/app/views/layouts/designbook/application.html.erb:26:in 'Array#each'
/Users/scott/scottharvey/designbook/app/views/layouts/designbook/application.html.erb:26
/Users/scott/scottharvey/designbook/app/views/layouts/designbook/application.html.erb:22:in 'Hash#each'
/Users/scott/scottharvey/designbook/app/views/layouts/designbook/application.html.erb:22
actionview (8.1.3) lib/action_view/base.rb:281:in 'Kernel#public_send'
actionview (8.1.3) lib/action_view/base.rb:281:in 'ActionView::Base#_run'
actionview (8.1.3) lib/action_view/template.rb:284:in 'block in ActionView::Template#render'
activesupport (8.1.3) lib/active_support/notifications.rb:212:in 'ActiveSupport::Notifications.instrument'
actionview (8.1.3) lib/action_view/template.rb:589:in 'ActionView::Template#instrument_render_template'
actionview (8.1.3) lib/action_view/template.rb:272:in 'ActionView::Template#render'
actionview (8.1.3) lib/action_view/renderer/template_renderer.rb:77:in 'block in ActionView::TemplateRenderer#render_with_layout'
activesupport (8.1.3) lib/active_support/notifications.rb:210:in 'block in ActiveSupport::Notifications.instrument'
activesupport (8.1.3) lib/active_support/notifications/instrumenter.rb:58:in 'ActiveSupport::Notifications::Instrumenter#instrument'
activesupport (8.1.3) lib/active_support/notifications.rb:210:in 'ActiveSupport::Notifications.instrument'
actionview (8.1.3) lib/action_view/renderer/template_renderer.rb:75:in 'ActionView::TemplateRenderer#render_with_layout'
actionview (8.1.3) lib/action_view/renderer/template_renderer.rb:59:in 'ActionView::TemplateRenderer#render_template'
actionview (8.1.3) lib/action_view/renderer/template_renderer.rb:11:in 'ActionView::TemplateRenderer#render'
actionview (8.1.3) lib/action_view/renderer/renderer.rb:58:in 'ActionView::Renderer#render_template_to_object'
actionview (8.1.3) lib/action_view/renderer/renderer.rb:31:in 'ActionView::Renderer#render_to_object'
actionview (8.1.3) lib/action_view/rendering.rb:136:in 'block in ActionView::Rendering#_render_template'
actionview (8.1.3) lib/action_view/base.rb:308:in 'ActionView::Base#in_rendering_context'
actionview (8.1.3) lib/action_view/rendering.rb:135:in 'ActionView::Rendering#_render_template'
actionpack (8.1.3) lib/action_controller/metal/streaming.rb:179:in 'ActionController::Streaming#_render_template'
actionview (8.1.3) lib/action_view/rendering.rb:122:in 'ActionView::Rendering#render_to_body'
actionpack (8.1.3) lib/action_controller/metal/rendering.rb:192:in 'ActionController::Rendering#render_to_body'
actionpack (8.1.3) lib/action_controller/metal/renderers.rb:155:in 'ActionController::Renderers#render_to_body'
actionpack (8.1.3) lib/abstract_controller/rendering.rb:28:in 'AbstractController::Rendering#render'
actionpack (8.1.3) lib/action_controller/metal/rendering.rb:173:in 'ActionController::Rendering#render'
actionpack (8.1.3) lib/action_controller/metal/instrumentation.rb:31:in 'block (2 levels) in ActionController::Instrumentation#render'
activesupport (8.1.3) lib/active_support/benchmark.rb:17:in 'ActiveSupport::Benchmark.realtime'
actionpack (8.1.3) lib/action_controller/metal/instrumentation.rb:31:in 'block in ActionController::Instrumentation#render'
actionpack (8.1.3) lib/action_controller/metal/instrumentation.rb:100:in 'ActionController::Instrumentation#cleanup_view_runtime'
activerecord (8.1.3) lib/active_record/railties/controller_runtime.rb:48:in 'ActiveRecord::Railties::ControllerRuntime#cleanup_view_runtime'
actionpack (8.1.3) lib/action_controller/metal/instrumentation.rb:30:in 'ActionController::Instrumentation#render'
actionpack (8.1.3) lib/action_controller/metal/implicit_render.rb:39:in 'ActionController::ImplicitRender#default_render'
actionpack (8.1.3) lib/action_controller/metal/basic_implicit_render.rb:9:in 'ActionController::BasicImplicitRender#send_action'
actionpack (8.1.3) lib/abstract_controller/base.rb:221:in 'AbstractController::Base#process_action'
actionpack (8.1.3) lib/action_controller/metal/rendering.rb:199:in 'ActionController::Rendering#process_action'
actionpack (8.1.3) lib/abstract_controller/callbacks.rb:267:in 'block in AbstractController::Callbacks#process_action'
activesupport (8.1.3) lib/active_support/callbacks.rb:110:in 'ActiveSupport::Callbacks#run_callbacks'
actionpack (8.1.3) lib/abstract_controller/callbacks.rb:266:in 'AbstractController::Callbacks#process_action'
actionpack (8.1.3) lib/action_controller/metal/rescue.rb:36:in 'ActionController::Rescue#process_action'
actionpack (8.1.3) lib/action_controller/metal/instrumentation.rb:76:in 'block in ActionController::Instrumentation#process_action'
activesupport (8.1.3) lib/active_support/notifications.rb:210:in 'block in ActiveSupport::Notifications.instrument'
activesupport (8.1.3) lib/active_support/notifications/instrumenter.rb:58:in 'ActiveSupport::Notifications::Instrumenter#instrument'
activesupport (8.1.3) lib/active_support/notifications.rb:210:in 'ActiveSupport::Notifications.instrument'
actionpack (8.1.3) lib/action_controller/metal/instrumentation.rb:75:in 'ActionController::Instrumentation#process_action'
actionpack (8.1.3) lib/action_controller/metal/params_wrapper.rb:259:in 'ActionController::ParamsWrapper#process_action'
activerecord (8.1.3) lib/active_record/railties/controller_runtime.rb:39:in 'ActiveRecord::Railties::ControllerRuntime#process_action'
actionpack (8.1.3) lib/abstract_controller/base.rb:154:in 'AbstractController::Base#process'
actionview (8.1.3) lib/action_view/rendering.rb:40:in 'ActionView::Rendering#process'
actionpack (8.1.3) lib/action_controller/metal.rb:252:in 'ActionController::Metal#dispatch'
actionpack (8.1.3) lib/action_controller/metal.rb:335:in 'ActionController::Metal.dispatch'
actionpack (8.1.3) lib/action_dispatch/routing/route_set.rb:65:in 'ActionDispatch::Routing::RouteSet::Dispatcher#dispatch'
actionpack (8.1.3) lib/action_dispatch/routing/route_set.rb:50:in 'ActionDispatch::Routing::RouteSet::Dispatcher#serve'
actionpack (8.1.3) lib/action_dispatch/journey/router.rb:35:in 'block in ActionDispatch::Journey::Router#serve'
actionpack (8.1.3) lib/action_dispatch/journey/router.rb:86:in 'block in ActionDispatch::Journey::Router#recognize'
actionpack (8.1.3) lib/action_dispatch/journey/router.rb:66:in 'Array#each'
actionpack (8.1.3) lib/action_dispatch/journey/router.rb:66:in 'ActionDispatch::Journey::Router#recognize'
actionpack (8.1.3) lib/action_dispatch/journey/router.rb:31:in 'ActionDispatch::Journey::Router#serve'
actionpack (8.1.3) lib/action_dispatch/routing/route_set.rb:906:in 'ActionDispatch::Routing::RouteSet#call'
railties (8.1.3) lib/rails/engine/lazy_route_set.rb:60:in 'Rails::Engine::LazyRouteSet#call'
railties (8.1.3) lib/rails/engine.rb:534:in 'Rails::Engine#call'
railties (8.1.3) lib/rails/railtie.rb:225:in 'Kernel#public_send'
railties (8.1.3) lib/rails/railtie.rb:225:in 'Rails::Railtie.method_missing'
actionpack (8.1.3) lib/action_dispatch/routing/mapper.rb:33:in 'block in <class:Constraints>'
actionpack (8.1.3) lib/action_dispatch/routing/mapper.rb:62:in 'ActionDispatch::Routing::Mapper::Constraints#serve'
actionpack (8.1.3) lib/action_dispatch/journey/router.rb:35:in 'block in ActionDispatch::Journey::Router#serve'
actionpack (8.1.3) lib/action_dispatch/journey/router.rb:92:in 'block in ActionDispatch::Journey::Router#recognize'
actionpack (8.1.3) lib/action_dispatch/journey/router.rb:66:in 'Array#each'
actionpack (8.1.3) lib/action_dispatch/journey/router.rb:66:in 'ActionDispatch::Journey::Router#recognize'
actionpack (8.1.3) lib/action_dispatch/journey/router.rb:31:in 'ActionDispatch::Journey::Router#serve'
actionpack (8.1.3) lib/action_dispatch/routing/route_set.rb:906:in 'ActionDispatch::Routing::RouteSet#call'
railties (8.1.3) lib/rails/engine/lazy_route_set.rb:60:in 'Rails::Engine::LazyRouteSet#call'
rack (3.2.6) lib/rack/tempfile_reaper.rb:20:in 'Rack::TempfileReaper#call'
rack (3.2.6) lib/rack/etag.rb:29:in 'Rack::ETag#call'
rack (3.2.6) lib/rack/conditional_get.rb:31:in 'Rack::ConditionalGet#call'
rack (3.2.6) lib/rack/head.rb:15:in 'Rack::Head#call'
actionpack (8.1.3) lib/action_dispatch/http/content_security_policy.rb:38:in 'ActionDispatch::ContentSecurityPolicy::Middleware#call'
rack-session (2.1.2) lib/rack/session/abstract/id.rb:274:in 'Rack::Session::Abstract::Persisted#context'
rack-session (2.1.2) lib/rack/session/abstract/id.rb:268:in 'Rack::Session::Abstract::Persisted#call'
actionpack (8.1.3) lib/action_dispatch/middleware/cookies.rb:708:in 'ActionDispatch::Cookies#call'
activerecord (8.1.3) lib/active_record/migration.rb:671:in 'ActiveRecord::Migration::CheckPending#call'
actionpack (8.1.3) lib/action_dispatch/middleware/callbacks.rb:31:in 'block in ActionDispatch::Callbacks#call'
activesupport (8.1.3) lib/active_support/callbacks.rb:101:in 'ActiveSupport::Callbacks#run_callbacks'
actionpack (8.1.3) lib/action_dispatch/middleware/callbacks.rb:30:in 'ActionDispatch::Callbacks#call'
actionpack (8.1.3) lib/action_dispatch/middleware/executor.rb:20:in 'ActionDispatch::Executor#call'
actionpack (8.1.3) lib/action_dispatch/middleware/actionable_exceptions.rb:18:in 'ActionDispatch::ActionableExceptions#call'
actionpack (8.1.3) lib/action_dispatch/middleware/debug_exceptions.rb:31:in 'ActionDispatch::DebugExceptions#call'
actionpack (8.1.3) lib/action_dispatch/middleware/show_exceptions.rb:32:in 'ActionDispatch::ShowExceptions#call'
railties (8.1.3) lib/rails/rack/logger.rb:41:in 'Rails::Rack::Logger#call_app'
railties (8.1.3) lib/rails/rack/logger.rb:29:in 'Rails::Rack::Logger#call'
propshaft (1.3.2) lib/propshaft/quiet_assets.rb:11:in 'Propshaft::QuietAssets#call'
actionpack (8.1.3) lib/action_dispatch/middleware/remote_ip.rb:98:in 'ActionDispatch::RemoteIp#call'
actionpack (8.1.3) lib/action_dispatch/middleware/request_id.rb:34:in 'ActionDispatch::RequestId#call'
rack (3.2.6) lib/rack/method_override.rb:28:in 'Rack::MethodOverride#call'
rack (3.2.6) lib/rack/runtime.rb:24:in 'Rack::Runtime#call'
activesupport (8.1.3) lib/active_support/cache/strategy/local_cache_middleware.rb:30:in 'ActiveSupport::Cache::Strategy::LocalCache::Middleware#call'
actionpack (8.1.3) lib/action_dispatch/middleware/server_timing.rb:61:in 'block in ActionDispatch::ServerTiming#call'
actionpack (8.1.3) lib/action_dispatch/middleware/server_timing.rb:26:in 'ActionDispatch::ServerTiming::Subscriber#collect_events'
actionpack (8.1.3) lib/action_dispatch/middleware/server_timing.rb:60:in 'ActionDispatch::ServerTiming#call'
actionpack (8.1.3) lib/action_dispatch/middleware/executor.rb:20:in 'ActionDispatch::Executor#call'
propshaft (1.3.2) lib/propshaft/server.rb:37:in 'Propshaft::Server#call'
actionpack (8.1.3) lib/action_dispatch/middleware/static.rb:27:in 'ActionDispatch::Static#call'
rack (3.2.6) lib/rack/sendfile.rb:131:in 'Rack::Sendfile#call'
actionpack (8.1.3) lib/action_dispatch/middleware/host_authorization.rb:143:in 'ActionDispatch::HostAuthorization#call'
railties (8.1.3) lib/rails/engine.rb:534:in 'Rails::Engine#call'
puma (8.0.2) lib/puma/configuration.rb:305:in 'Puma::Configuration::ConfigMiddleware#call'
puma (8.0.2) lib/puma/response.rb:79:in 'block in Puma::Response#handle_request'
puma (8.0.2) lib/puma/thread_pool.rb:434:in 'Puma::ThreadPool#with_force_shutdown'
puma (8.0.2) lib/puma/response.rb:78:in 'Puma::Response#handle_request'
puma (8.0.2) lib/puma/server.rb:508:in 'Puma::Server#process_client'
puma (8.0.2) lib/puma/server.rb:263:in 'block in Puma::Server#run'
puma (8.0.2) lib/puma/thread_pool.rb:246:in 'block in Puma::ThreadPool#spawn_thread'
Started GET "/designbook/search?q=typ" for 127.0.0.1 at 2026-07-27 14:00:44 +0700
Processing by Designbook::SearchController#index as HTML
  Parameters: {"q" => "typ"}
  Rendering layout /Users/scott/scottharvey/designbook/app/views/layouts/designbook/application.html.erb
  Rendering /Users/scott/scottharvey/designbook/app/views/designbook/search/index.html.erb within layouts/designbook/application
  Rendered /Users/scott/scottharvey/designbook/app/views/designbook/search/index.html.erb within layouts/designbook/application (Duration: 0.8ms | GC: 0.0ms)
  Rendered layout /Users/scott/scottharvey/designbook/app/views/layouts/designbook/application.html.erb (Duration: 2.8ms | GC: 0.3ms)
Completed 200 OK in 9ms (Views: 4.0ms | ActiveRecord: 0.0ms (0 queries, 0 cached) | GC: 0.3ms)


Started GET "/designbook/" for 127.0.0.1 at 2026-07-27 14:00:46 +0700
Processing by Designbook::PagesController#show as HTML
  Parameters: {"slug" => "index"}
  Rendering layout /Users/scott/scottharvey/designbook/app/views/layouts/designbook/application.html.erb
  Rendering /Users/scott/scottharvey/designbook/app/views/designbook/pages/show.html.erb within layouts/designbook/application
  Rendered /Users/scott/scottharvey/designbook/app/views/designbook/pages/show.html.erb within layouts/designbook/application (Duration: 0.8ms | GC: 0.0ms)
  Rendered layout /Users/scott/scottharvey/designbook/app/views/layouts/designbook/application.html.erb (Duration: 2.3ms | GC: 0.2ms)
Completed 200 OK in 5ms (Views: 3.2ms | ActiveRecord: 0.0ms (0 queries, 0 cached) | GC: 0.2ms)


Started GET "/designbook/foundations/typography" for 127.0.0.1 at 2026-07-27 14:00:46 +0700
Processing by Designbook::PagesController#show as HTML
  Parameters: {"slug" => "foundations/typography"}
  Rendering layout /Users/scott/scottharvey/designbook/app/views/layouts/designbook/application.html.erb
  Rendering /Users/scott/scottharvey/designbook/app/views/designbook/pages/show.html.erb within layouts/designbook/application
  Rendered /Users/scott/scottharvey/designbook/app/views/designbook/pages/show.html.erb within layouts/designbook/application (Duration: 0.2ms | GC: 0.0ms)
  Rendered layout /Users/scott/scottharvey/designbook/app/views/layouts/designbook/application.html.erb (Duration: 1.0ms | GC: 0.0ms)
Completed 200 OK in 3ms (Views: 1.2ms | ActiveRecord: 0.0ms (0 queries, 0 cached) | GC: 0.0ms)


Started GET "/designbook/search?q=typ" for 127.0.0.1 at 2026-07-27 14:00:48 +0700
Processing by Designbook::SearchController#index as HTML
  Parameters: {"q" => "typ"}
  Rendering layout /Users/scott/scottharvey/designbook/app/views/layouts/designbook/application.html.erb
  Rendering /Users/scott/scottharvey/designbook/app/views/designbook/search/index.html.erb within layouts/designbook/application
  Rendered /Users/scott/scottharvey/designbook/app/views/designbook/search/index.html.erb within layouts/designbook/application (Duration: 0.5ms | GC: 0.0ms)
  Rendered layout /Users/scott/scottharvey/designbook/app/views/layouts/designbook/application.html.erb (Duration: 1.9ms | GC: 0.0ms)
Completed 200 OK in 5ms (Views: 2.4ms | ActiveRecord: 0.0ms (0 queries, 0 cached) | GC: 0.0ms)


Started GET "/designbook/" for 127.0.0.1 at 2026-07-27 14:00:50 +0700
Processing by Designbook::PagesController#show as HTML
  Parameters: {"slug" => "index"}
  Rendering layout /Users/scott/scottharvey/designbook/app/views/layouts/designbook/application.html.erb
  Rendering /Users/scott/scottharvey/designbook/app/views/designbook/pages/show.html.erb within layouts/designbook/application
  Rendered /Users/scott/scottharvey/designbook/app/views/designbook/pages/show.html.erb within layouts/designbook/application (Duration: 0.3ms | GC: 0.0ms)
  Rendered layout /Users/scott/scottharvey/designbook/app/views/layouts/designbook/application.html.erb (Duration: 1.6ms | GC: 0.0ms)
Completed 200 OK in 5ms (Views: 2.3ms | ActiveRecord: 0.0ms (0 queries, 0 cached) | GC: 0.2ms)


Started GET "/designbook/foundations/typography" for 127.0.0.1 at 2026-07-27 14:00:51 +0700
Processing by Designbook::PagesController#show as HTML
  Parameters: {"slug" => "foundations/typography"}
  Rendering layout /Users/scott/scottharvey/designbook/app/views/layouts/designbook/application.html.erb
  Rendering /Users/scott/scottharvey/designbook/app/views/designbook/pages/show.html.erb within layouts/designbook/application
  Rendered /Users/scott/scottharvey/designbook/app/views/designbook/pages/show.html.erb within layouts/designbook/application (Duration: 0.2ms | GC: 0.0ms)
  Rendered layout /Users/scott/scottharvey/designbook/app/views/layouts/designbook/application.html.erb (Duration: 1.1ms | GC: 0.0ms)
Completed 200 OK in 4ms (Views: 1.5ms | ActiveRecord: 0.0ms (0 queries, 0 cached) | GC: 0.0ms)


Started GET "/designbook/" for 127.0.0.1 at 2026-07-27 14:01:13 +0700
Processing by Designbook::PagesController#show as HTML
  Parameters: {"slug" => "index"}
  Rendering layout /Users/scott/scottharvey/designbook/app/views/layouts/designbook/application.html.erb
  Rendering /Users/scott/scottharvey/designbook/app/views/designbook/pages/show.html.erb within layouts/designbook/application
  Rendered /Users/scott/scottharvey/designbook/app/views/designbook/pages/show.html.erb within layouts/designbook/application (Duration: 0.6ms | GC: 0.0ms)
  Rendered layout /Users/scott/scottharvey/designbook/app/views/layouts/designbook/application.html.erb (Duration: 2.3ms | GC: 0.0ms)
Completed 200 OK in 4ms (Views: 2.8ms | ActiveRecord: 0.0ms (0 queries, 0 cached) | GC: 0.0ms)


Started GET "/designbook/foundations/typography" for 127.0.0.1 at 2026-07-27 14:01:15 +0700
Processing by Designbook::PagesController#show as HTML
  Parameters: {"slug" => "foundations/typography"}
  Rendering layout /Users/scott/scottharvey/designbook/app/views/layouts/designbook/application.html.erb
  Rendering /Users/scott/scottharvey/designbook/app/views/designbook/pages/show.html.erb within layouts/designbook/application
  Rendered /Users/scott/scottharvey/designbook/app/views/designbook/pages/show.html.erb within layouts/designbook/application (Duration: 0.3ms | GC: 0.0ms)
  Rendered layout /Users/scott/scottharvey/designbook/app/views/layouts/designbook/application.html.erb (Duration: 1.6ms | GC: 0.0ms)
Completed 200 OK in 4ms (Views: 2.0ms | ActiveRecord: 0.0ms (0 queries, 0 cached) | GC: 0.0ms)


Started GET "/designbook/" for 127.0.0.1 at 2026-07-27 14:01:18 +0700
Processing by Designbook::PagesController#show as HTML
  Parameters: {"slug" => "index"}
  Rendering layout /Users/scott/scottharvey/designbook/app/views/layouts/designbook/application.html.erb
  Rendering /Users/scott/scottharvey/designbook/app/views/designbook/pages/show.html.erb within layouts/designbook/application
  Rendered /Users/scott/scottharvey/designbook/app/views/designbook/pages/show.html.erb within layouts/designbook/application (Duration: 0.8ms | GC: 0.0ms)
  Rendered layout /Users/scott/scottharvey/designbook/app/views/layouts/designbook/application.html.erb (Duration: 3.1ms | GC: 0.0ms)
Completed 200 OK in 6ms (Views: 4.0ms | ActiveRecord: 0.0ms (0 queries, 0 cached) | GC: 0.0ms)


Started GET "/designbook/foundations/typography" for 127.0.0.1 at 2026-07-27 14:01:21 +0700
Processing by Designbook::PagesController#show as HTML
  Parameters: {"slug" => "foundations/typography"}
  Rendering layout /Users/scott/scottharvey/designbook/app/views/layouts/designbook/application.html.erb
  Rendering /Users/scott/scottharvey/designbook/app/views/designbook/pages/show.html.erb within layouts/designbook/application
  Rendered /Users/scott/scottharvey/designbook/app/views/designbook/pages/show.html.erb within layouts/designbook/application (Duration: 0.2ms | GC: 0.0ms)
  Rendered layout /Users/scott/scottharvey/designbook/app/views/layouts/designbook/application.html.erb (Duration: 0.9ms | GC: 0.0ms)
Completed 200 OK in 3ms (Views: 1.2ms | ActiveRecord: 0.0ms (0 queries, 0 cached) | GC: 0.0ms)


Started GET "/designbook/foundations/typography" for 127.0.0.1 at 2026-07-27 14:02:11 +0700
Processing by Designbook::PagesController#show as HTML
  Parameters: {"slug" => "foundations/typography"}
  Rendering layout /Users/scott/scottharvey/designbook/app/views/layouts/designbook/application.html.erb
  Rendering /Users/scott/scottharvey/designbook/app/views/designbook/pages/show.html.erb within layouts/designbook/application
  Rendered /Users/scott/scottharvey/designbook/app/views/designbook/pages/show.html.erb within layouts/designbook/application (Duration: 1.0ms | GC: 0.0ms)
  Rendered layout /Users/scott/scottharvey/designbook/app/views/layouts/designbook/application.html.erb (Duration: 4.6ms | GC: 0.0ms)
Completed 200 OK in 9ms (Views: 5.6ms | ActiveRecord: 0.0ms (0 queries, 0 cached) | GC: 0.0ms)


Started GET "/designbook/philosophy" for 127.0.0.1 at 2026-07-27 14:02:13 +0700
Processing by Designbook::PagesController#show as HTML
  Parameters: {"slug" => "philosophy"}
  Rendering layout /Users/scott/scottharvey/designbook/app/views/layouts/designbook/application.html.erb
  Rendering /Users/scott/scottharvey/designbook/app/views/designbook/pages/show.html.erb within layouts/designbook/application
  Rendered /Users/scott/scottharvey/designbook/app/views/designbook/pages/show.html.erb within layouts/designbook/application (Duration: 0.3ms | GC: 0.0ms)
  Rendered layout /Users/scott/scottharvey/designbook/app/views/layouts/designbook/application.html.erb (Duration: 1.2ms | GC: 0.0ms)
Completed 200 OK in 4ms (Views: 1.4ms | ActiveRecord: 0.0ms (0 queries, 0 cached) | GC: 0.0ms)


Started GET "/designbook/" for 127.0.0.1 at 2026-07-27 14:02:15 +0700
Processing by Designbook::PagesController#show as HTML
  Parameters: {"slug" => "index"}
  Rendering layout /Users/scott/scottharvey/designbook/app/views/layouts/designbook/application.html.erb
  Rendering /Users/scott/scottharvey/designbook/app/views/designbook/pages/show.html.erb within layouts/designbook/application
  Rendered /Users/scott/scottharvey/designbook/app/views/designbook/pages/show.html.erb within layouts/designbook/application (Duration: 0.2ms | GC: 0.0ms)
  Rendered layout /Users/scott/scottharvey/designbook/app/views/layouts/designbook/application.html.erb (Duration: 1.1ms | GC: 0.0ms)
Completed 200 OK in 3ms (Views: 1.4ms | ActiveRecord: 0.0ms (0 queries, 0 cached) | GC: 0.0ms)


Started GET "/designbook/foundations/typography" for 127.0.0.1 at 2026-07-27 14:02:17 +0700
Processing by Designbook::PagesController#show as HTML
  Parameters: {"slug" => "foundations/typography"}
  Rendering layout /Users/scott/scottharvey/designbook/app/views/layouts/designbook/application.html.erb
  Rendering /Users/scott/scottharvey/designbook/app/views/designbook/pages/show.html.erb within layouts/designbook/application
  Rendered /Users/scott/scottharvey/designbook/app/views/designbook/pages/show.html.erb within layouts/designbook/application (Duration: 0.4ms | GC: 0.0ms)
  Rendered layout /Users/scott/scottharvey/designbook/app/views/layouts/designbook/application.html.erb (Duration: 1.4ms | GC: 0.0ms)
Completed 200 OK in 6ms (Views: 4.4ms | ActiveRecord: 0.0ms (0 queries, 0 cached) | GC: 0.0ms)


Started GET "/designbook/" for 127.0.0.1 at 2026-07-27 14:02:19 +0700
Processing by Designbook::PagesController#show as HTML
  Parameters: {"slug" => "index"}
  Rendering layout /Users/scott/scottharvey/designbook/app/views/layouts/designbook/application.html.erb
  Rendering /Users/scott/scottharvey/designbook/app/views/designbook/pages/show.html.erb within layouts/designbook/application
  Rendered /Users/scott/scottharvey/designbook/app/views/designbook/pages/show.html.erb within layouts/designbook/application (Duration: 0.2ms | GC: 0.0ms)
  Rendered layout /Users/scott/scottharvey/designbook/app/views/layouts/designbook/application.html.erb (Duration: 1.3ms | GC: 0.0ms)
Completed 200 OK in 3ms (Views: 1.7ms | ActiveRecord: 0.0ms (0 queries, 0 cached) | GC: 0.0ms)


Started GET "/designbook/foundations/typography" for 127.0.0.1 at 2026-07-27 14:02:20 +0700
Processing by Designbook::PagesController#show as HTML
  Parameters: {"slug" => "foundations/typography"}
  Rendering layout /Users/scott/scottharvey/designbook/app/views/layouts/designbook/application.html.erb
  Rendering /Users/scott/scottharvey/designbook/app/views/designbook/pages/show.html.erb within layouts/designbook/application
  Rendered /Users/scott/scottharvey/designbook/app/views/designbook/pages/show.html.erb within layouts/designbook/application (Duration: 0.5ms | GC: 0.0ms)
  Rendered layout /Users/scott/scottharvey/designbook/app/views/layouts/designbook/application.html.erb (Duration: 2.1ms | GC: 0.8ms)
Completed 200 OK in 4ms (Views: 2.4ms | ActiveRecord: 0.0ms (0 queries, 0 cached) | GC: 0.8ms)


Started GET "/designbook/foundations/color" for 127.0.0.1 at 2026-07-27 14:02:21 +0700
Processing by Designbook::PagesController#show as HTML
  Parameters: {"slug" => "foundations/color"}
  Rendering layout /Users/scott/scottharvey/designbook/app/views/layouts/designbook/application.html.erb
  Rendering /Users/scott/scottharvey/designbook/app/views/designbook/pages/show.html.erb within layouts/designbook/application
  Rendered /Users/scott/scottharvey/designbook/app/views/designbook/pages/show.html.erb within layouts/designbook/application (Duration: 0.3ms | GC: 0.0ms)
  Rendered layout /Users/scott/scottharvey/designbook/app/views/layouts/designbook/application.html.erb (Duration: 1.4ms | GC: 0.0ms)
Completed 200 OK in 7ms (Views: 4.9ms | ActiveRecord: 0.0ms (0 queries, 0 cached) | GC: 0.9ms)


Started GET "/designbook/foundations/typography" for 127.0.0.1 at 2026-07-27 14:02:22 +0700
Processing by Designbook::PagesController#show as HTML
  Parameters: {"slug" => "foundations/typography"}
  Rendering layout /Users/scott/scottharvey/designbook/app/views/layouts/designbook/application.html.erb
  Rendering /Users/scott/scottharvey/designbook/app/views/designbook/pages/show.html.erb within layouts/designbook/application
  Rendered /Users/scott/scottharvey/designbook/app/views/designbook/pages/show.html.erb within layouts/designbook/application (Duration: 0.7ms | GC: 0.0ms)
  Rendered layout /Users/scott/scottharvey/designbook/app/views/layouts/designbook/application.html.erb (Duration: 2.2ms | GC: 0.0ms)
Completed 200 OK in 6ms (Views: 2.8ms | ActiveRecord: 0.0ms (0 queries, 0 cached) | GC: 1.2ms)


Started GET "/designbook/philosophy" for 127.0.0.1 at 2026-07-27 14:02:23 +0700
Processing by Designbook::PagesController#show as HTML
  Parameters: {"slug" => "philosophy"}
  Rendering layout /Users/scott/scottharvey/designbook/app/views/layouts/designbook/application.html.erb
  Rendering /Users/scott/scottharvey/designbook/app/views/designbook/pages/show.html.erb within layouts/designbook/application
  Rendered /Users/scott/scottharvey/designbook/app/views/designbook/pages/show.html.erb within layouts/designbook/application (Duration: 0.2ms | GC: 0.0ms)
  Rendered layout /Users/scott/scottharvey/designbook/app/views/layouts/designbook/application.html.erb (Duration: 1.1ms | GC: 0.0ms)
Completed 200 OK in 3ms (Views: 1.4ms | ActiveRecord: 0.0ms (0 queries, 0 cached) | GC: 0.8ms)


Started GET "/designbook/philosophy" for 127.0.0.1 at 2026-07-27 14:02:29 +0700
Processing by Designbook::PagesController#show as HTML
  Parameters: {"slug" => "philosophy"}
  Rendering layout /Users/scott/scottharvey/designbook/app/views/layouts/designbook/application.html.erb
  Rendering /Users/scott/scottharvey/designbook/app/views/designbook/pages/show.html.erb within layouts/designbook/application
  Rendered /Users/scott/scottharvey/designbook/app/views/designbook/pages/show.html.erb within layouts/designbook/application (Duration: 0.3ms | GC: 0.0ms)
  Rendered layout /Users/scott/scottharvey/designbook/app/views/layouts/designbook/application.html.erb (Duration: 1.5ms | GC: 0.0ms)
Completed 200 OK in 5ms (Views: 1.9ms | ActiveRecord: 0.0ms (0 queries, 0 cached) | GC: 1.5ms)


Started GET "/designbook/philosophy" for 127.0.0.1 at 2026-07-27 14:02:33 +0700
Processing by Designbook::PagesController#show as HTML
  Parameters: {"slug" => "philosophy"}
  Rendering layout /Users/scott/scottharvey/designbook/app/views/layouts/designbook/application.html.erb
  Rendering /Users/scott/scottharvey/designbook/app/views/designbook/pages/show.html.erb within layouts/designbook/application
  Rendered /Users/scott/scottharvey/designbook/app/views/designbook/pages/show.html.erb within layouts/designbook/application (Duration: 0.4ms | GC: 0.0ms)
  Rendered layout /Users/scott/scottharvey/designbook/app/views/layouts/designbook/application.html.erb (Duration: 1.6ms | GC: 0.0ms)
Completed 200 OK in 4ms (Views: 1.9ms | ActiveRecord: 0.0ms (0 queries, 0 cached) | GC: 0.5ms)


Started GET "/designbook/philosophy" for 127.0.0.1 at 2026-07-27 14:02:35 +0700
Processing by Designbook::PagesController#show as HTML
  Parameters: {"slug" => "philosophy"}
  Rendering layout /Users/scott/scottharvey/designbook/app/views/layouts/designbook/application.html.erb
  Rendering /Users/scott/scottharvey/designbook/app/views/designbook/pages/show.html.erb within layouts/designbook/application
  Rendered /Users/scott/scottharvey/designbook/app/views/designbook/pages/show.html.erb within layouts/designbook/application (Duration: 0.2ms | GC: 0.0ms)
  Rendered layout /Users/scott/scottharvey/designbook/app/views/layouts/designbook/application.html.erb (Duration: 1.0ms | GC: 0.0ms)
Completed 200 OK in 3ms (Views: 1.2ms | ActiveRecord: 0.0ms (0 queries, 0 cached) | GC: 0.7ms)


Started GET "/designbook/philosophy" for 127.0.0.1 at 2026-07-27 14:02:42 +0700
Processing by Designbook::PagesController#show as HTML
  Parameters: {"slug" => "philosophy"}
  Rendering layout /Users/scott/scottharvey/designbook/app/views/layouts/designbook/application.html.erb
  Rendering /Users/scott/scottharvey/designbook/app/views/designbook/pages/show.html.erb within layouts/designbook/application
  Rendered /Users/scott/scottharvey/designbook/app/views/designbook/pages/show.html.erb within layouts/designbook/application (Duration: 0.3ms | GC: 0.0ms)
  Rendered layout /Users/scott/scottharvey/designbook/app/views/layouts/designbook/application.html.erb (Duration: 1.7ms | GC: 0.0ms)
Completed 200 OK in 8ms (Views: 2.2ms | ActiveRecord: 0.0ms (0 queries, 0 cached) | GC: 1.7ms)


Started GET "/designbook/philosophy" for 127.0.0.1 at 2026-07-27 14:02:49 +0700
  [1m[36mActiveRecord::SchemaMigration Load (0.1ms)[0m  [1m[34mSELECT "schema_migrations"."version" FROM "schema_migrations" ORDER BY "schema_migrations"."version" ASC /*application='Dummy'*/[0m
Processing by Designbook::PagesController#show as HTML
  Parameters: {"slug" => "philosophy"}
  Rendering layout /Users/scott/scottharvey/designbook/app/views/layouts/designbook/application.html.erb
  Rendering /Users/scott/scottharvey/designbook/app/views/designbook/pages/show.html.erb within layouts/designbook/application
  Rendered /Users/scott/scottharvey/designbook/app/views/designbook/pages/show.html.erb within layouts/designbook/application (Duration: 1.4ms | GC: 0.0ms)
  Rendered layout /Users/scott/scottharvey/designbook/app/views/layouts/designbook/application.html.erb (Duration: 6.7ms | GC: 0.0ms)
Completed 200 OK in 18ms (Views: 9.2ms | ActiveRecord: 0.0ms (0 queries, 0 cached) | GC: 0.0ms)


Started GET "/designbook/philosophy" for 127.0.0.1 at 2026-07-27 14:02:50 +0700
Processing by Designbook::PagesController#show as HTML
  Parameters: {"slug" => "philosophy"}
  Rendering layout /Users/scott/scottharvey/designbook/app/views/layouts/designbook/application.html.erb
  Rendering /Users/scott/scottharvey/designbook/app/views/designbook/pages/show.html.erb within layouts/designbook/application
  Rendered /Users/scott/scottharvey/designbook/app/views/designbook/pages/show.html.erb within layouts/designbook/application (Duration: 0.2ms | GC: 0.0ms)
  Rendered layout /Users/scott/scottharvey/designbook/app/views/layouts/designbook/application.html.erb (Duration: 1.1ms | GC: 0.0ms)
Completed 200 OK in 3ms (Views: 1.4ms | ActiveRecord: 0.0ms (0 queries, 0 cached) | GC: 0.0ms)


Started GET "/designbook/search?q=principle" for 127.0.0.1 at 2026-07-27 14:03:03 +0700
Processing by Designbook::SearchController#index as HTML
  Parameters: {"q" => "principle"}
  Rendering layout /Users/scott/scottharvey/designbook/app/views/layouts/designbook/application.html.erb
  Rendering /Users/scott/scottharvey/designbook/app/views/designbook/search/index.html.erb within layouts/designbook/application
  Rendered /Users/scott/scottharvey/designbook/app/views/designbook/search/index.html.erb within layouts/designbook/application (Duration: 0.5ms | GC: 0.0ms)
  Rendered layout /Users/scott/scottharvey/designbook/app/views/layouts/designbook/application.html.erb (Duration: 1.4ms | GC: 0.0ms)
Completed 200 OK in 3ms (Views: 2.1ms | ActiveRecord: 0.0ms (0 queries, 0 cached) | GC: 0.0ms)


Started GET "/designbook/search?q=principle" for 127.0.0.1 at 2026-07-27 14:03:54 +0700
Processing by Designbook::SearchController#index as HTML
  Parameters: {"q" => "principle"}
  Rendering layout /Users/scott/scottharvey/designbook/app/views/layouts/designbook/application.html.erb
  Rendering /Users/scott/scottharvey/designbook/app/views/designbook/search/index.html.erb within layouts/designbook/application
  Rendered /Users/scott/scottharvey/designbook/app/views/designbook/search/index.html.erb within layouts/designbook/application (Duration: 1.2ms | GC: 0.0ms)
  Rendered layout /Users/scott/scottharvey/designbook/app/views/layouts/designbook/application.html.erb (Duration: 3.7ms | GC: 0.0ms)
Completed 200 OK in 8ms (Views: 4.7ms | ActiveRecord: 0.0ms (0 queries, 0 cached) | GC: 0.0ms)


Started GET "/designbook/foundations/typography" for 127.0.0.1 at 2026-07-27 14:03:55 +0700
Processing by Designbook::PagesController#show as HTML
  Parameters: {"slug" => "foundations/typography"}
  Rendering layout /Users/scott/scottharvey/designbook/app/views/layouts/designbook/application.html.erb
  Rendering /Users/scott/scottharvey/designbook/app/views/designbook/pages/show.html.erb within layouts/designbook/application
  Rendered /Users/scott/scottharvey/designbook/app/views/designbook/pages/show.html.erb within layouts/designbook/application (Duration: 0.4ms | GC: 0.0ms)
  Rendered layout /Users/scott/scottharvey/designbook/app/views/layouts/designbook/application.html.erb (Duration: 1.4ms | GC: 0.0ms)
Completed 200 OK in 4ms (Views: 1.7ms | ActiveRecord: 0.0ms (0 queries, 0 cached) | GC: 0.0ms)


Started GET "/designbook/philosophy" for 127.0.0.1 at 2026-07-27 14:03:57 +0700
Processing by Designbook::PagesController#show as HTML
  Parameters: {"slug" => "philosophy"}
  Rendering layout /Users/scott/scottharvey/designbook/app/views/layouts/designbook/application.html.erb
  Rendering /Users/scott/scottharvey/designbook/app/views/designbook/pages/show.html.erb within layouts/designbook/application
  Rendered /Users/scott/scottharvey/designbook/app/views/designbook/pages/show.html.erb within layouts/designbook/application (Duration: 0.4ms | GC: 0.0ms)
  Rendered layout /Users/scott/scottharvey/designbook/app/views/layouts/designbook/application.html.erb (Duration: 1.6ms | GC: 0.0ms)
Completed 200 OK in 5ms (Views: 2.2ms | ActiveRecord: 0.0ms (0 queries, 0 cached) | GC: 0.0ms)


Started GET "/designbook/philosophy" for 127.0.0.1 at 2026-07-27 14:09:06 +0700
Processing by Designbook::PagesController#show as HTML
  Parameters: {"slug" => "philosophy"}
  Rendering layout /Users/scott/scottharvey/designbook/app/views/layouts/designbook/application.html.erb
  Rendering /Users/scott/scottharvey/designbook/app/views/designbook/pages/show.html.erb within layouts/designbook/application
  Rendered /Users/scott/scottharvey/designbook/app/views/designbook/pages/show.html.erb within layouts/designbook/application (Duration: 0.4ms | GC: 0.0ms)
  Rendered layout /Users/scott/scottharvey/designbook/app/views/layouts/designbook/application.html.erb (Duration: 7.4ms | GC: 3.3ms)
Completed 200 OK in 23ms (Views: 10.3ms | ActiveRecord: 0.0ms (0 queries, 0 cached) | GC: 13.4ms)


Started GET "/designbook/philosophy" for 127.0.0.1 at 2026-07-27 14:10:29 +0700
Processing by Designbook::PagesController#show as HTML
  Parameters: {"slug" => "philosophy"}
  Rendering layout /Users/scott/scottharvey/designbook/app/views/layouts/designbook/application.html.erb
  Rendering /Users/scott/scottharvey/designbook/app/views/designbook/pages/show.html.erb within layouts/designbook/application
  Rendered /Users/scott/scottharvey/designbook/app/views/designbook/pages/show.html.erb within layouts/designbook/application (Duration: 4.0ms | GC: 0.0ms)
  Rendered layout /Users/scott/scottharvey/designbook/app/views/layouts/designbook/application.html.erb (Duration: 16.6ms | GC: 6.7ms)
Completed 200 OK in 50ms (Views: 17.5ms | ActiveRecord: 0.0ms (0 queries, 0 cached) | GC: 18.8ms)


Started GET "/designbook/foundations/color" for 127.0.0.1 at 2026-07-27 14:10:31 +0700
Processing by Designbook::PagesController#show as HTML
  Parameters: {"slug" => "foundations/color"}
  Rendering layout /Users/scott/scottharvey/designbook/app/views/layouts/designbook/application.html.erb
  Rendering /Users/scott/scottharvey/designbook/app/views/designbook/pages/show.html.erb within layouts/designbook/application
  Rendered /Users/scott/scottharvey/designbook/app/views/designbook/pages/show.html.erb within layouts/designbook/application (Duration: 0.3ms | GC: 0.0ms)
  Rendered layout /Users/scott/scottharvey/designbook/app/views/layouts/designbook/application.html.erb (Duration: 3.0ms | GC: 1.8ms)
Completed 200 OK in 7ms (Views: 4.0ms | ActiveRecord: 0.0ms (0 queries, 0 cached) | GC: 4.1ms)


Started GET "/designbook/foundations/typography" for 127.0.0.1 at 2026-07-27 14:10:31 +0700
Processing by Designbook::PagesController#show as HTML
  Parameters: {"slug" => "foundations/typography"}
  Rendering layout /Users/scott/scottharvey/designbook/app/views/layouts/designbook/application.html.erb
  Rendering /Users/scott/scottharvey/designbook/app/views/designbook/pages/show.html.erb within layouts/designbook/application
  Rendered /Users/scott/scottharvey/designbook/app/views/designbook/pages/show.html.erb within layouts/designbook/application (Duration: 1.1ms | GC: 0.6ms)
  Rendered layout /Users/scott/scottharvey/designbook/app/views/layouts/designbook/application.html.erb (Duration: 3.6ms | GC: 1.9ms)
Completed 200 OK in 16ms (Views: 7.4ms | ActiveRecord: 0.0ms (0 queries, 0 cached) | GC: 10.4ms)


Started GET "/designbook/philosophy" for 127.0.0.1 at 2026-07-27 14:10:33 +0700
Processing by Designbook::PagesController#show as HTML
  Parameters: {"slug" => "philosophy"}
  Rendering layout /Users/scott/scottharvey/designbook/app/views/layouts/designbook/application.html.erb
  Rendering /Users/scott/scottharvey/designbook/app/views/designbook/pages/show.html.erb within layouts/designbook/application
  Rendered /Users/scott/scottharvey/designbook/app/views/designbook/pages/show.html.erb within layouts/designbook/application (Duration: 0.2ms | GC: 0.0ms)
  Rendered layout /Users/scott/scottharvey/designbook/app/views/layouts/designbook/application.html.erb (Duration: 2.4ms | GC: 1.2ms)
Completed 200 OK in 4ms (Views: 2.8ms | ActiveRecord: 0.0ms (0 queries, 0 cached) | GC: 1.2ms)


Started GET "/designbook/" for 127.0.0.1 at 2026-07-27 14:10:34 +0700
Processing by Designbook::PagesController#show as HTML
  Parameters: {"slug" => "index"}
  Rendering layout /Users/scott/scottharvey/designbook/app/views/layouts/designbook/application.html.erb
  Rendering /Users/scott/scottharvey/designbook/app/views/designbook/pages/show.html.erb within layouts/designbook/application
  Rendered /Users/scott/scottharvey/designbook/app/views/designbook/pages/show.html.erb within layouts/designbook/application (Duration: 0.2ms | GC: 0.0ms)
  Rendered layout /Users/scott/scottharvey/designbook/app/views/layouts/designbook/application.html.erb (Duration: 1.0ms | GC: 0.0ms)
Completed 200 OK in 4ms (Views: 1.2ms | ActiveRecord: 0.0ms (0 queries, 0 cached) | GC: 1.2ms)


Started GET "/designbook/foundations/typography" for 127.0.0.1 at 2026-07-27 14:10:35 +0700
Processing by Designbook::PagesController#show as HTML
  Parameters: {"slug" => "foundations/typography"}
  Rendering layout /Users/scott/scottharvey/designbook/app/views/layouts/designbook/application.html.erb
  Rendering /Users/scott/scottharvey/designbook/app/views/designbook/pages/show.html.erb within layouts/designbook/application
  Rendered /Users/scott/scottharvey/designbook/app/views/designbook/pages/show.html.erb within layouts/designbook/application (Duration: 0.7ms | GC: 0.0ms)
  Rendered layout /Users/scott/scottharvey/designbook/app/views/layouts/designbook/application.html.erb (Duration: 1.9ms | GC: 0.0ms)
Completed 200 OK in 5ms (Views: 2.6ms | ActiveRecord: 0.0ms (0 queries, 0 cached) | GC: 1.1ms)


Started GET "/designbook/foundations/color" for 127.0.0.1 at 2026-07-27 14:10:35 +0700
Processing by Designbook::PagesController#show as HTML
  Parameters: {"slug" => "foundations/color"}
  Rendering layout /Users/scott/scottharvey/designbook/app/views/layouts/designbook/application.html.erb
  Rendering /Users/scott/scottharvey/designbook/app/views/designbook/pages/show.html.erb within layouts/designbook/application
  Rendered /Users/scott/scottharvey/designbook/app/views/designbook/pages/show.html.erb within layouts/designbook/application (Duration: 0.2ms | GC: 0.0ms)
  Rendered layout /Users/scott/scottharvey/designbook/app/views/layouts/designbook/application.html.erb (Duration: 0.8ms | GC: 0.0ms)
Completed 200 OK in 3ms (Views: 1.0ms | ActiveRecord: 0.0ms (0 queries, 0 cached) | GC: 0.6ms)


Started GET "/designbook/foundations/typography" for 127.0.0.1 at 2026-07-27 14:10:36 +0700
Processing by Designbook::PagesController#show as HTML
  Parameters: {"slug" => "foundations/typography"}
  Rendering layout /Users/scott/scottharvey/designbook/app/views/layouts/designbook/application.html.erb
  Rendering /Users/scott/scottharvey/designbook/app/views/designbook/pages/show.html.erb within layouts/designbook/application
  Rendered /Users/scott/scottharvey/designbook/app/views/designbook/pages/show.html.erb within layouts/designbook/application (Duration: 0.4ms | GC: 0.0ms)
  Rendered layout /Users/scott/scottharvey/designbook/app/views/layouts/designbook/application.html.erb (Duration: 1.3ms | GC: 0.0ms)
Completed 200 OK in 3ms (Views: 1.6ms | ActiveRecord: 0.0ms (0 queries, 0 cached) | GC: 0.0ms)


Started GET "/designbook/philosophy" for 127.0.0.1 at 2026-07-27 14:10:39 +0700
Processing by Designbook::PagesController#show as HTML
  Parameters: {"slug" => "philosophy"}
  Rendering layout /Users/scott/scottharvey/designbook/app/views/layouts/designbook/application.html.erb
  Rendering /Users/scott/scottharvey/designbook/app/views/designbook/pages/show.html.erb within layouts/designbook/application
  Rendered /Users/scott/scottharvey/designbook/app/views/designbook/pages/show.html.erb within layouts/designbook/application (Duration: 0.2ms | GC: 0.0ms)
  Rendered layout /Users/scott/scottharvey/designbook/app/views/layouts/designbook/application.html.erb (Duration: 1.0ms | GC: 0.0ms)
Completed 200 OK in 3ms (Views: 1.3ms | ActiveRecord: 0.0ms (0 queries, 0 cached) | GC: 0.0ms)


Started GET "/designbook/philosophy" for 127.0.0.1 at 2026-07-27 14:13:17 +0700
Processing by Designbook::PagesController#show as HTML
  Parameters: {"slug" => "philosophy"}
  Rendering layout /Users/scott/scottharvey/designbook/app/views/layouts/designbook/application.html.erb
  Rendering /Users/scott/scottharvey/designbook/app/views/designbook/pages/show.html.erb within layouts/designbook/application
  Rendered /Users/scott/scottharvey/designbook/app/views/designbook/pages/show.html.erb within layouts/designbook/application (Duration: 0.6ms | GC: 0.0ms)
  Rendered layout /Users/scott/scottharvey/designbook/app/views/layouts/designbook/application.html.erb (Duration: 2.8ms | GC: 0.0ms)
Completed 200 OK in 9ms (Views: 4.0ms | ActiveRecord: 0.0ms (0 queries, 0 cached) | GC: 1.9ms)


Started GET "/designbook/foundations/color" for 127.0.0.1 at 2026-07-27 14:13:18 +0700
Processing by Designbook::PagesController#show as HTML
  Parameters: {"slug" => "foundations/color"}
  Rendering layout /Users/scott/scottharvey/designbook/app/views/layouts/designbook/application.html.erb
  Rendering /Users/scott/scottharvey/designbook/app/views/designbook/pages/show.html.erb within layouts/designbook/application
  Rendered /Users/scott/scottharvey/designbook/app/views/designbook/pages/show.html.erb within layouts/designbook/application (Duration: 0.4ms | GC: 0.0ms)
  Rendered layout /Users/scott/scottharvey/designbook/app/views/layouts/designbook/application.html.erb (Duration: 1.3ms | GC: 0.0ms)
Completed 200 OK in 4ms (Views: 1.7ms | ActiveRecord: 0.0ms (0 queries, 0 cached) | GC: 1.1ms)


Started GET "/designbook/foundations/typography" for 127.0.0.1 at 2026-07-27 14:13:19 +0700
Processing by Designbook::PagesController#show as HTML
  Parameters: {"slug" => "foundations/typography"}
  Rendering layout /Users/scott/scottharvey/designbook/app/views/layouts/designbook/application.html.erb
  Rendering /Users/scott/scottharvey/designbook/app/views/designbook/pages/show.html.erb within layouts/designbook/application
  Rendered /Users/scott/scottharvey/designbook/app/views/designbook/pages/show.html.erb within layouts/designbook/application (Duration: 0.3ms | GC: 0.0ms)
  Rendered layout /Users/scott/scottharvey/designbook/app/views/layouts/designbook/application.html.erb (Duration: 1.0ms | GC: 0.0ms)
Completed 200 OK in 3ms (Views: 1.3ms | ActiveRecord: 0.0ms (0 queries, 0 cached) | GC: 0.8ms)


Started GET "/designbook/" for 127.0.0.1 at 2026-07-27 14:13:20 +0700
Processing by Designbook::PagesController#show as HTML
  Parameters: {"slug" => "index"}
  Rendering layout /Users/scott/scottharvey/designbook/app/views/layouts/designbook/application.html.erb
  Rendering /Users/scott/scottharvey/designbook/app/views/designbook/pages/show.html.erb within layouts/designbook/application
  Rendered /Users/scott/scottharvey/designbook/app/views/designbook/pages/show.html.erb within layouts/designbook/application (Duration: 0.2ms | GC: 0.0ms)
  Rendered layout /Users/scott/scottharvey/designbook/app/views/layouts/designbook/application.html.erb (Duration: 1.0ms | GC: 0.0ms)
Completed 200 OK in 3ms (Views: 1.3ms | ActiveRecord: 0.0ms (0 queries, 0 cached) | GC: 0.5ms)


Started GET "/designbook/foundations/typography" for 127.0.0.1 at 2026-07-27 14:13:24 +0700
Processing by Designbook::PagesController#show as HTML
  Parameters: {"slug" => "foundations/typography"}
  Rendering layout /Users/scott/scottharvey/designbook/app/views/layouts/designbook/application.html.erb
  Rendering /Users/scott/scottharvey/designbook/app/views/designbook/pages/show.html.erb within layouts/designbook/application
  Rendered /Users/scott/scottharvey/designbook/app/views/designbook/pages/show.html.erb within layouts/designbook/application (Duration: 0.5ms | GC: 0.0ms)
  Rendered layout /Users/scott/scottharvey/designbook/app/views/layouts/designbook/application.html.erb (Duration: 1.6ms | GC: 0.0ms)
Completed 200 OK in 5ms (Views: 2.0ms | ActiveRecord: 0.0ms (0 queries, 0 cached) | GC: 0.8ms)


Started GET "/designbook/foundations/typography" for 127.0.0.1 at 2026-07-27 14:13:28 +0700
  [1m[36mActiveRecord::SchemaMigration Load (0.1ms)[0m  [1m[34mSELECT "schema_migrations"."version" FROM "schema_migrations" ORDER BY "schema_migrations"."version" ASC /*application='Dummy'*/[0m
Processing by Designbook::PagesController#show as HTML
  Parameters: {"slug" => "foundations/typography"}
  Rendering layout /Users/scott/scottharvey/designbook/app/views/layouts/designbook/application.html.erb
  Rendering /Users/scott/scottharvey/designbook/app/views/designbook/pages/show.html.erb within layouts/designbook/application
  Rendered /Users/scott/scottharvey/designbook/app/views/designbook/pages/show.html.erb within layouts/designbook/application (Duration: 1.3ms | GC: 0.0ms)
  Rendered layout /Users/scott/scottharvey/designbook/app/views/layouts/designbook/application.html.erb (Duration: 7.6ms | GC: 0.0ms)
Completed 200 OK in 16ms (Views: 10.0ms | ActiveRecord: 0.0ms (0 queries, 0 cached) | GC: 0.0ms)


Started GET "/designbook/foundations/typography" for 127.0.0.1 at 2026-07-27 14:13:31 +0700
Processing by Designbook::PagesController#show as HTML
  Parameters: {"slug" => "foundations/typography"}
  Rendering layout /Users/scott/scottharvey/designbook/app/views/layouts/designbook/application.html.erb
  Rendering /Users/scott/scottharvey/designbook/app/views/designbook/pages/show.html.erb within layouts/designbook/application
  Rendered /Users/scott/scottharvey/designbook/app/views/designbook/pages/show.html.erb within layouts/designbook/application (Duration: 0.4ms | GC: 0.0ms)
  Rendered layout /Users/scott/scottharvey/designbook/app/views/layouts/designbook/application.html.erb (Duration: 1.4ms | GC: 0.0ms)
Completed 200 OK in 3ms (Views: 1.7ms | ActiveRecord: 0.0ms (0 queries, 0 cached) | GC: 0.0ms)


Started GET "/designbook/foundations/typography" for 127.0.0.1 at 2026-07-27 14:13:38 +0700
Processing by Designbook::PagesController#show as HTML
  Parameters: {"slug" => "foundations/typography"}
  Rendering layout /Users/scott/scottharvey/designbook/app/views/layouts/designbook/application.html.erb
  Rendering /Users/scott/scottharvey/designbook/app/views/designbook/pages/show.html.erb within layouts/designbook/application
  Rendered /Users/scott/scottharvey/designbook/app/views/designbook/pages/show.html.erb within layouts/designbook/application (Duration: 0.3ms | GC: 0.0ms)
  Rendered layout /Users/scott/scottharvey/designbook/app/views/layouts/designbook/application.html.erb (Duration: 0.9ms | GC: 0.0ms)
Completed 200 OK in 2ms (Views: 1.1ms | ActiveRecord: 0.0ms (0 queries, 0 cached) | GC: 0.0ms)


Started GET "/designbook/foundations/typography" for 127.0.0.1 at 2026-07-27 14:13:45 +0700
  [1m[36mActiveRecord::SchemaMigration Load (0.1ms)[0m  [1m[34mSELECT "schema_migrations"."version" FROM "schema_migrations" ORDER BY "schema_migrations"."version" ASC /*application='Dummy'*/[0m
Processing by Designbook::PagesController#show as HTML
  Parameters: {"slug" => "foundations/typography"}
  Rendering layout /Users/scott/scottharvey/designbook/app/views/layouts/designbook/application.html.erb
  Rendering /Users/scott/scottharvey/designbook/app/views/designbook/pages/show.html.erb within layouts/designbook/application
  Rendered /Users/scott/scottharvey/designbook/app/views/designbook/pages/show.html.erb within layouts/designbook/application (Duration: 1.5ms | GC: 0.0ms)
  Rendered layout /Users/scott/scottharvey/designbook/app/views/layouts/designbook/application.html.erb (Duration: 6.4ms | GC: 0.0ms)
Completed 200 OK in 14ms (Views: 8.7ms | ActiveRecord: 0.0ms (0 queries, 0 cached) | GC: 0.0ms)


Started GET "/designbook/foundations/typography" for 127.0.0.1 at 2026-07-27 14:13:46 +0700
Processing by Designbook::PagesController#show as HTML
  Parameters: {"slug" => "foundations/typography"}
  Rendering layout /Users/scott/scottharvey/designbook/app/views/layouts/designbook/application.html.erb
  Rendering /Users/scott/scottharvey/designbook/app/views/designbook/pages/show.html.erb within layouts/designbook/application
  Rendered /Users/scott/scottharvey/designbook/app/views/designbook/pages/show.html.erb within layouts/designbook/application (Duration: 0.3ms | GC: 0.0ms)
  Rendered layout /Users/scott/scottharvey/designbook/app/views/layouts/designbook/application.html.erb (Duration: 0.9ms | GC: 0.0ms)
Completed 200 OK in 2ms (Views: 1.2ms | ActiveRecord: 0.0ms (0 queries, 0 cached) | GC: 0.0ms)


Started GET "/designbook/" for 127.0.0.1 at 2026-07-27 14:13:57 +0700
Processing by Designbook::PagesController#show as HTML
  Parameters: {"slug" => "index"}
  Rendering layout /Users/scott/scottharvey/designbook/app/views/layouts/designbook/application.html.erb
  Rendering /Users/scott/scottharvey/designbook/app/views/designbook/pages/show.html.erb within layouts/designbook/application
  Rendered /Users/scott/scottharvey/designbook/app/views/designbook/pages/show.html.erb within layouts/designbook/application (Duration: 0.5ms | GC: 0.0ms)
  Rendered layout /Users/scott/scottharvey/designbook/app/views/layouts/designbook/application.html.erb (Duration: 2.6ms | GC: 0.0ms)
Completed 200 OK in 7ms (Views: 3.4ms | ActiveRecord: 0.0ms (0 queries, 0 cached) | GC: 0.0ms)


Started GET "/designbook/foundations/typography" for 127.0.0.1 at 2026-07-27 14:14:02 +0700
Processing by Designbook::PagesController#show as HTML
  Parameters: {"slug" => "foundations/typography"}
  Rendering layout /Users/scott/scottharvey/designbook/app/views/layouts/designbook/application.html.erb
  Rendering /Users/scott/scottharvey/designbook/app/views/designbook/pages/show.html.erb within layouts/designbook/application
  Rendered /Users/scott/scottharvey/designbook/app/views/designbook/pages/show.html.erb within layouts/designbook/application (Duration: 0.4ms | GC: 0.0ms)
  Rendered layout /Users/scott/scottharvey/designbook/app/views/layouts/designbook/application.html.erb (Duration: 1.5ms | GC: 0.0ms)
Completed 200 OK in 4ms (Views: 1.9ms | ActiveRecord: 0.0ms (0 queries, 0 cached) | GC: 0.0ms)


Started GET "/designbook/foundations/color" for 127.0.0.1 at 2026-07-27 14:14:04 +0700
Processing by Designbook::PagesController#show as HTML
  Parameters: {"slug" => "foundations/color"}
  Rendering layout /Users/scott/scottharvey/designbook/app/views/layouts/designbook/application.html.erb
  Rendering /Users/scott/scottharvey/designbook/app/views/designbook/pages/show.html.erb within layouts/designbook/application
  Rendered /Users/scott/scottharvey/designbook/app/views/designbook/pages/show.html.erb within layouts/designbook/application (Duration: 0.2ms | GC: 0.0ms)
  Rendered layout /Users/scott/scottharvey/designbook/app/views/layouts/designbook/application.html.erb (Duration: 1.0ms | GC: 0.0ms)
Completed 200 OK in 3ms (Views: 1.3ms | ActiveRecord: 0.0ms (0 queries, 0 cached) | GC: 0.0ms)


Started GET "/designbook/philosophy" for 127.0.0.1 at 2026-07-27 14:14:10 +0700
Processing by Designbook::PagesController#show as HTML
  Parameters: {"slug" => "philosophy"}
  Rendering layout /Users/scott/scottharvey/designbook/app/views/layouts/designbook/application.html.erb
  Rendering /Users/scott/scottharvey/designbook/app/views/designbook/pages/show.html.erb within layouts/designbook/application
  Rendered /Users/scott/scottharvey/designbook/app/views/designbook/pages/show.html.erb within layouts/designbook/application (Duration: 0.1ms | GC: 0.0ms)
  Rendered layout /Users/scott/scottharvey/designbook/app/views/layouts/designbook/application.html.erb (Duration: 0.8ms | GC: 0.0ms)
Completed 200 OK in 2ms (Views: 1.0ms | ActiveRecord: 0.0ms (0 queries, 0 cached) | GC: 0.0ms)


Started GET "/designbook/philosophy" for 127.0.0.1 at 2026-07-27 14:14:39 +0700
Processing by Designbook::PagesController#show as HTML
  Parameters: {"slug" => "philosophy"}
Completed 500 Internal Server Error in 6ms (ActiveRecord: 0.0ms (0 queries, 0 cached) | GC: 3.4ms)


  
ArgumentError (wrong number of arguments (given 2, expected 1)):
  
/Users/scott/scottharvey/designbook/lib/designbook/markdown_renderer.rb:11:in 'render'
/Users/scott/scottharvey/designbook/app/controllers/designbook/pages_controller.rb:12:in 'Designbook::PagesController#show'
actionpack (8.1.3) lib/action_controller/metal/basic_implicit_render.rb:8:in 'ActionController::BasicImplicitRender#send_action'
actionpack (8.1.3) lib/abstract_controller/base.rb:221:in 'AbstractController::Base#process_action'
actionpack (8.1.3) lib/action_controller/metal/rendering.rb:199:in 'ActionController::Rendering#process_action'
actionpack (8.1.3) lib/abstract_controller/callbacks.rb:267:in 'block in AbstractController::Callbacks#process_action'
activesupport (8.1.3) lib/active_support/callbacks.rb:110:in 'ActiveSupport::Callbacks#run_callbacks'
actionpack (8.1.3) lib/abstract_controller/callbacks.rb:266:in 'AbstractController::Callbacks#process_action'
actionpack (8.1.3) lib/action_controller/metal/rescue.rb:36:in 'ActionController::Rescue#process_action'
actionpack (8.1.3) lib/action_controller/metal/instrumentation.rb:76:in 'block in ActionController::Instrumentation#process_action'
activesupport (8.1.3) lib/active_support/notifications.rb:210:in 'block in ActiveSupport::Notifications.instrument'
activesupport (8.1.3) lib/active_support/notifications/instrumenter.rb:58:in 'ActiveSupport::Notifications::Instrumenter#instrument'
activesupport (8.1.3) lib/active_support/notifications.rb:210:in 'ActiveSupport::Notifications.instrument'
actionpack (8.1.3) lib/action_controller/metal/instrumentation.rb:75:in 'ActionController::Instrumentation#process_action'
actionpack (8.1.3) lib/action_controller/metal/params_wrapper.rb:259:in 'ActionController::ParamsWrapper#process_action'
activerecord (8.1.3) lib/active_record/railties/controller_runtime.rb:39:in 'ActiveRecord::Railties::ControllerRuntime#process_action'
actionpack (8.1.3) lib/abstract_controller/base.rb:154:in 'AbstractController::Base#process'
actionview (8.1.3) lib/action_view/rendering.rb:40:in 'ActionView::Rendering#process'
actionpack (8.1.3) lib/action_controller/metal.rb:252:in 'ActionController::Metal#dispatch'
actionpack (8.1.3) lib/action_controller/metal.rb:335:in 'ActionController::Metal.dispatch'
actionpack (8.1.3) lib/action_dispatch/routing/route_set.rb:65:in 'ActionDispatch::Routing::RouteSet::Dispatcher#dispatch'
actionpack (8.1.3) lib/action_dispatch/routing/route_set.rb:50:in 'ActionDispatch::Routing::RouteSet::Dispatcher#serve'
actionpack (8.1.3) lib/action_dispatch/journey/router.rb:35:in 'block in ActionDispatch::Journey::Router#serve'
actionpack (8.1.3) lib/action_dispatch/journey/router.rb:86:in 'block in ActionDispatch::Journey::Router#recognize'
actionpack (8.1.3) lib/action_dispatch/journey/router.rb:66:in 'Array#each'
actionpack (8.1.3) lib/action_dispatch/journey/router.rb:66:in 'ActionDispatch::Journey::Router#recognize'
actionpack (8.1.3) lib/action_dispatch/journey/router.rb:31:in 'ActionDispatch::Journey::Router#serve'
actionpack (8.1.3) lib/action_dispatch/routing/route_set.rb:906:in 'ActionDispatch::Routing::RouteSet#call'
railties (8.1.3) lib/rails/engine/lazy_route_set.rb:60:in 'Rails::Engine::LazyRouteSet#call'
railties (8.1.3) lib/rails/engine.rb:534:in 'Rails::Engine#call'
railties (8.1.3) lib/rails/railtie.rb:225:in 'Kernel#public_send'
railties (8.1.3) lib/rails/railtie.rb:225:in 'Rails::Railtie.method_missing'
actionpack (8.1.3) lib/action_dispatch/routing/mapper.rb:33:in 'block in <class:Constraints>'
actionpack (8.1.3) lib/action_dispatch/routing/mapper.rb:62:in 'ActionDispatch::Routing::Mapper::Constraints#serve'
actionpack (8.1.3) lib/action_dispatch/journey/router.rb:35:in 'block in ActionDispatch::Journey::Router#serve'
actionpack (8.1.3) lib/action_dispatch/journey/router.rb:92:in 'block in ActionDispatch::Journey::Router#recognize'
actionpack (8.1.3) lib/action_dispatch/journey/router.rb:66:in 'Array#each'
actionpack (8.1.3) lib/action_dispatch/journey/router.rb:66:in 'ActionDispatch::Journey::Router#recognize'
actionpack (8.1.3) lib/action_dispatch/journey/router.rb:31:in 'ActionDispatch::Journey::Router#serve'
actionpack (8.1.3) lib/action_dispatch/routing/route_set.rb:906:in 'ActionDispatch::Routing::RouteSet#call'
railties (8.1.3) lib/rails/engine/lazy_route_set.rb:60:in 'Rails::Engine::LazyRouteSet#call'
rack (3.2.6) lib/rack/tempfile_reaper.rb:20:in 'Rack::TempfileReaper#call'
rack (3.2.6) lib/rack/etag.rb:29:in 'Rack::ETag#call'
rack (3.2.6) lib/rack/conditional_get.rb:31:in 'Rack::ConditionalGet#call'
rack (3.2.6) lib/rack/head.rb:15:in 'Rack::Head#call'
actionpack (8.1.3) lib/action_dispatch/http/content_security_policy.rb:38:in 'ActionDispatch::ContentSecurityPolicy::Middleware#call'
rack-session (2.1.2) lib/rack/session/abstract/id.rb:274:in 'Rack::Session::Abstract::Persisted#context'
rack-session (2.1.2) lib/rack/session/abstract/id.rb:268:in 'Rack::Session::Abstract::Persisted#call'
actionpack (8.1.3) lib/action_dispatch/middleware/cookies.rb:708:in 'ActionDispatch::Cookies#call'
activerecord (8.1.3) lib/active_record/migration.rb:671:in 'ActiveRecord::Migration::CheckPending#call'
actionpack (8.1.3) lib/action_dispatch/middleware/callbacks.rb:31:in 'block in ActionDispatch::Callbacks#call'
activesupport (8.1.3) lib/active_support/callbacks.rb:101:in 'ActiveSupport::Callbacks#run_callbacks'
actionpack (8.1.3) lib/action_dispatch/middleware/callbacks.rb:30:in 'ActionDispatch::Callbacks#call'
actionpack (8.1.3) lib/action_dispatch/middleware/executor.rb:20:in 'ActionDispatch::Executor#call'
actionpack (8.1.3) lib/action_dispatch/middleware/actionable_exceptions.rb:18:in 'ActionDispatch::ActionableExceptions#call'
actionpack (8.1.3) lib/action_dispatch/middleware/debug_exceptions.rb:31:in 'ActionDispatch::DebugExceptions#call'
actionpack (8.1.3) lib/action_dispatch/middleware/show_exceptions.rb:32:in 'ActionDispatch::ShowExceptions#call'
railties (8.1.3) lib/rails/rack/logger.rb:41:in 'Rails::Rack::Logger#call_app'
railties (8.1.3) lib/rails/rack/logger.rb:29:in 'Rails::Rack::Logger#call'
propshaft (1.3.2) lib/propshaft/quiet_assets.rb:11:in 'Propshaft::QuietAssets#call'
actionpack (8.1.3) lib/action_dispatch/middleware/remote_ip.rb:98:in 'ActionDispatch::RemoteIp#call'
actionpack (8.1.3) lib/action_dispatch/middleware/request_id.rb:34:in 'ActionDispatch::RequestId#call'
rack (3.2.6) lib/rack/method_override.rb:28:in 'Rack::MethodOverride#call'
rack (3.2.6) lib/rack/runtime.rb:24:in 'Rack::Runtime#call'
activesupport (8.1.3) lib/active_support/cache/strategy/local_cache_middleware.rb:30:in 'ActiveSupport::Cache::Strategy::LocalCache::Middleware#call'
actionpack (8.1.3) lib/action_dispatch/middleware/server_timing.rb:61:in 'block in ActionDispatch::ServerTiming#call'
actionpack (8.1.3) lib/action_dispatch/middleware/server_timing.rb:26:in 'ActionDispatch::ServerTiming::Subscriber#collect_events'
actionpack (8.1.3) lib/action_dispatch/middleware/server_timing.rb:60:in 'ActionDispatch::ServerTiming#call'
actionpack (8.1.3) lib/action_dispatch/middleware/executor.rb:20:in 'ActionDispatch::Executor#call'
propshaft (1.3.2) lib/propshaft/server.rb:37:in 'Propshaft::Server#call'
actionpack (8.1.3) lib/action_dispatch/middleware/static.rb:27:in 'ActionDispatch::Static#call'
rack (3.2.6) lib/rack/sendfile.rb:131:in 'Rack::Sendfile#call'
actionpack (8.1.3) lib/action_dispatch/middleware/host_authorization.rb:143:in 'ActionDispatch::HostAuthorization#call'
railties (8.1.3) lib/rails/engine.rb:534:in 'Rails::Engine#call'
puma (8.0.2) lib/puma/configuration.rb:305:in 'Puma::Configuration::ConfigMiddleware#call'
puma (8.0.2) lib/puma/response.rb:79:in 'block in Puma::Response#handle_request'
puma (8.0.2) lib/puma/thread_pool.rb:434:in 'Puma::ThreadPool#with_force_shutdown'
puma (8.0.2) lib/puma/response.rb:78:in 'Puma::Response#handle_request'
puma (8.0.2) lib/puma/server.rb:508:in 'Puma::Server#process_client'
puma (8.0.2) lib/puma/server.rb:263:in 'block in Puma::Server#run'
puma (8.0.2) lib/puma/thread_pool.rb:246:in 'block in Puma::ThreadPool#spawn_thread'
Started GET "/designbook/philosophy" for 127.0.0.1 at 2026-07-27 14:14:45 +0700
  [1m[36mActiveRecord::SchemaMigration Load (0.1ms)[0m  [1m[34mSELECT "schema_migrations"."version" FROM "schema_migrations" ORDER BY "schema_migrations"."version" ASC /*application='Dummy'*/[0m
Processing by Designbook::PagesController#show as HTML
  Parameters: {"slug" => "philosophy"}
  Rendering layout /Users/scott/scottharvey/designbook/app/views/layouts/designbook/application.html.erb
  Rendering /Users/scott/scottharvey/designbook/app/views/designbook/pages/show.html.erb within layouts/designbook/application
  Rendered /Users/scott/scottharvey/designbook/app/views/designbook/pages/show.html.erb within layouts/designbook/application (Duration: 1.2ms | GC: 0.0ms)
  Rendered layout /Users/scott/scottharvey/designbook/app/views/layouts/designbook/application.html.erb (Duration: 6.0ms | GC: 0.0ms)
Completed 200 OK in 14ms (Views: 8.3ms | ActiveRecord: 0.0ms (0 queries, 0 cached) | GC: 0.0ms)


Started GET "/designbook/" for 127.0.0.1 at 2026-07-27 14:14:47 +0700
Processing by Designbook::PagesController#show as HTML
  Parameters: {"slug" => "index"}
  Rendering layout /Users/scott/scottharvey/designbook/app/views/layouts/designbook/application.html.erb
  Rendering /Users/scott/scottharvey/designbook/app/views/designbook/pages/show.html.erb within layouts/designbook/application
  Rendered /Users/scott/scottharvey/designbook/app/views/designbook/pages/show.html.erb within layouts/designbook/application (Duration: 0.4ms | GC: 0.0ms)
  Rendered layout /Users/scott/scottharvey/designbook/app/views/layouts/designbook/application.html.erb (Duration: 1.6ms | GC: 0.0ms)
Completed 200 OK in 4ms (Views: 2.1ms | ActiveRecord: 0.0ms (0 queries, 0 cached) | GC: 0.0ms)


Started GET "/designbook/foundations/typography" for 127.0.0.1 at 2026-07-27 14:14:47 +0700
Processing by Designbook::PagesController#show as HTML
  Parameters: {"slug" => "foundations/typography"}
  Rendering layout /Users/scott/scottharvey/designbook/app/views/layouts/designbook/application.html.erb
  Rendering /Users/scott/scottharvey/designbook/app/views/designbook/pages/show.html.erb within layouts/designbook/application
  Rendered /Users/scott/scottharvey/designbook/app/views/designbook/pages/show.html.erb within layouts/designbook/application (Duration: 0.3ms | GC: 0.0ms)
  Rendered layout /Users/scott/scottharvey/designbook/app/views/layouts/designbook/application.html.erb (Duration: 1.0ms | GC: 0.0ms)
Completed 200 OK in 3ms (Views: 1.2ms | ActiveRecord: 0.0ms (0 queries, 0 cached) | GC: 0.0ms)


Started GET "/designbook/foundations/color" for 127.0.0.1 at 2026-07-27 14:14:48 +0700
Processing by Designbook::PagesController#show as HTML
  Parameters: {"slug" => "foundations/color"}
  Rendering layout /Users/scott/scottharvey/designbook/app/views/layouts/designbook/application.html.erb
  Rendering /Users/scott/scottharvey/designbook/app/views/designbook/pages/show.html.erb within layouts/designbook/application
  Rendered /Users/scott/scottharvey/designbook/app/views/designbook/pages/show.html.erb within layouts/designbook/application (Duration: 0.5ms | GC: 0.0ms)
  Rendered layout /Users/scott/scottharvey/designbook/app/views/layouts/designbook/application.html.erb (Duration: 1.5ms | GC: 0.0ms)
Completed 200 OK in 4ms (Views: 1.9ms | ActiveRecord: 0.0ms (0 queries, 0 cached) | GC: 0.0ms)


Started GET "/designbook/philosophy" for 127.0.0.1 at 2026-07-27 14:14:49 +0700
Processing by Designbook::PagesController#show as HTML
  Parameters: {"slug" => "philosophy"}
  Rendering layout /Users/scott/scottharvey/designbook/app/views/layouts/designbook/application.html.erb
  Rendering /Users/scott/scottharvey/designbook/app/views/designbook/pages/show.html.erb within layouts/designbook/application
  Rendered /Users/scott/scottharvey/designbook/app/views/designbook/pages/show.html.erb within layouts/designbook/application (Duration: 0.1ms | GC: 0.0ms)
  Rendered layout /Users/scott/scottharvey/designbook/app/views/layouts/designbook/application.html.erb (Duration: 0.9ms | GC: 0.0ms)
Completed 200 OK in 2ms (Views: 1.1ms | ActiveRecord: 0.0ms (0 queries, 0 cached) | GC: 0.0ms)


Started GET "/designbook/foundations/typography" for 127.0.0.1 at 2026-07-27 14:14:57 +0700
Processing by Designbook::PagesController#show as HTML
  Parameters: {"slug" => "foundations/typography"}
  Rendering layout /Users/scott/scottharvey/designbook/app/views/layouts/designbook/application.html.erb
  Rendering /Users/scott/scottharvey/designbook/app/views/designbook/pages/show.html.erb within layouts/designbook/application
  Rendered /Users/scott/scottharvey/designbook/app/views/designbook/pages/show.html.erb within layouts/designbook/application (Duration: 0.5ms | GC: 0.0ms)
  Rendered layout /Users/scott/scottharvey/designbook/app/views/layouts/designbook/application.html.erb (Duration: 2.4ms | GC: 0.0ms)
Completed 200 OK in 6ms (Views: 3.2ms | ActiveRecord: 0.0ms (0 queries, 0 cached) | GC: 0.0ms)


Started GET "/designbook/foundations/color" for 127.0.0.1 at 2026-07-27 14:18:33 +0700
Processing by Designbook::PagesController#show as HTML
  Parameters: {"slug" => "foundations/color"}
  Rendering layout /Users/scott/scottharvey/designbook/app/views/layouts/designbook/application.html.erb
  Rendering /Users/scott/scottharvey/designbook/app/views/designbook/pages/show.html.erb within layouts/designbook/application
  Rendered /Users/scott/scottharvey/designbook/app/views/designbook/pages/show.html.erb within layouts/designbook/application (Duration: 1.8ms | GC: 1.3ms)
  Rendered layout /Users/scott/scottharvey/designbook/app/views/layouts/designbook/application.html.erb (Duration: 6.2ms | GC: 3.9ms)
Completed 200 OK in 23ms (Views: 6.9ms | ActiveRecord: 0.0ms (0 queries, 0 cached) | GC: 14.2ms)


Started GET "/designbook/philosophy" for 127.0.0.1 at 2026-07-27 14:18:35 +0700
Processing by Designbook::PagesController#show as HTML
  Parameters: {"slug" => "philosophy"}
  Rendering layout /Users/scott/scottharvey/designbook/app/views/layouts/designbook/application.html.erb
  Rendering /Users/scott/scottharvey/designbook/app/views/designbook/pages/show.html.erb within layouts/designbook/application
  Rendered /Users/scott/scottharvey/designbook/app/views/designbook/pages/show.html.erb within layouts/designbook/application (Duration: 0.2ms | GC: 0.0ms)
  Rendered layout /Users/scott/scottharvey/designbook/app/views/layouts/designbook/application.html.erb (Duration: 3.9ms | GC: 2.5ms)
Completed 200 OK in 17ms (Views: 5.3ms | ActiveRecord: 0.0ms (0 queries, 0 cached) | GC: 11.7ms)


Started GET "/designbook/" for 127.0.0.1 at 2026-07-27 14:18:36 +0700
Processing by Designbook::PagesController#show as HTML
  Parameters: {"slug" => "index"}
  Rendering layout /Users/scott/scottharvey/designbook/app/views/layouts/designbook/application.html.erb
  Rendering /Users/scott/scottharvey/designbook/app/views/designbook/pages/show.html.erb within layouts/designbook/application
  Rendered /Users/scott/scottharvey/designbook/app/views/designbook/pages/show.html.erb within layouts/designbook/application (Duration: 0.3ms | GC: 0.0ms)
  Rendered layout /Users/scott/scottharvey/designbook/app/views/layouts/designbook/application.html.erb (Duration: 5.4ms | GC: 3.1ms)
Completed 200 OK in 12ms (Views: 6.0ms | ActiveRecord: 0.0ms (0 queries, 0 cached) | GC: 7.8ms)


Started GET "/designbook/" for 127.0.0.1 at 2026-07-27 14:18:38 +0700
Processing by Designbook::PagesController#show as HTML
  Parameters: {"slug" => "index"}
  Rendering layout /Users/scott/scottharvey/designbook/app/views/layouts/designbook/application.html.erb
  Rendering /Users/scott/scottharvey/designbook/app/views/designbook/pages/show.html.erb within layouts/designbook/application
  Rendered /Users/scott/scottharvey/designbook/app/views/designbook/pages/show.html.erb within layouts/designbook/application (Duration: 0.6ms | GC: 0.3ms)
  Rendered layout /Users/scott/scottharvey/designbook/app/views/layouts/designbook/application.html.erb (Duration: 3.1ms | GC: 1.1ms)
Completed 200 OK in 14ms (Views: 4.8ms | ActiveRecord: 0.0ms (0 queries, 0 cached) | GC: 8.9ms)


Started GET "/designbook/foundations/typography" for 127.0.0.1 at 2026-07-27 14:18:39 +0700
Processing by Designbook::PagesController#show as HTML
  Parameters: {"slug" => "foundations/typography"}
  Rendering layout /Users/scott/scottharvey/designbook/app/views/layouts/designbook/application.html.erb
  Rendering /Users/scott/scottharvey/designbook/app/views/designbook/pages/show.html.erb within layouts/designbook/application
  Rendered /Users/scott/scottharvey/designbook/app/views/designbook/pages/show.html.erb within layouts/designbook/application (Duration: 0.4ms | GC: 0.0ms)
  Rendered layout /Users/scott/scottharvey/designbook/app/views/layouts/designbook/application.html.erb (Duration: 1.2ms | GC: 0.0ms)
Completed 200 OK in 5ms (Views: 1.6ms | ActiveRecord: 0.0ms (0 queries, 0 cached) | GC: 0.9ms)


Started GET "/designbook/" for 127.0.0.1 at 2026-07-27 14:21:21 +0700
  [1m[36mActiveRecord::SchemaMigration Load (0.1ms)[0m  [1m[34mSELECT "schema_migrations"."version" FROM "schema_migrations" ORDER BY "schema_migrations"."version" ASC /*application='Dummy'*/[0m
Processing by Designbook::PagesController#show as HTML
  Parameters: {"slug" => "index"}
  Rendering layout /Users/scott/scottharvey/designbook/app/views/layouts/designbook/application.html.erb
  Rendering /Users/scott/scottharvey/designbook/app/views/designbook/pages/show.html.erb within layouts/designbook/application
  Rendered /Users/scott/scottharvey/designbook/app/views/designbook/pages/show.html.erb within layouts/designbook/application (Duration: 3.1ms | GC: 1.7ms)
  Rendered layout /Users/scott/scottharvey/designbook/app/views/layouts/designbook/application.html.erb (Duration: 19.1ms | GC: 11.7ms)
Completed 200 OK in 32ms (Views: 23.9ms | ActiveRecord: 0.0ms (0 queries, 0 cached) | GC: 14.2ms)


Started GET "/designbook/foundations/typography" for 127.0.0.1 at 2026-07-27 14:21:22 +0700
Processing by Designbook::PagesController#show as HTML
  Parameters: {"slug" => "foundations/typography"}
  Rendering layout /Users/scott/scottharvey/designbook/app/views/layouts/designbook/application.html.erb
  Rendering /Users/scott/scottharvey/designbook/app/views/designbook/pages/show.html.erb within layouts/designbook/application
  Rendered /Users/scott/scottharvey/designbook/app/views/designbook/pages/show.html.erb within layouts/designbook/application (Duration: 0.3ms | GC: 0.0ms)
  Rendered layout /Users/scott/scottharvey/designbook/app/views/layouts/designbook/application.html.erb (Duration: 1.2ms | GC: 0.0ms)
Completed 200 OK in 6ms (Views: 1.6ms | ActiveRecord: 0.0ms (0 queries, 0 cached) | GC: 1.5ms)


Started GET "/designbook/philosophy" for 127.0.0.1 at 2026-07-27 14:21:23 +0700
Processing by Designbook::PagesController#show as HTML
  Parameters: {"slug" => "philosophy"}
  Rendering layout /Users/scott/scottharvey/designbook/app/views/layouts/designbook/application.html.erb
  Rendering /Users/scott/scottharvey/designbook/app/views/designbook/pages/show.html.erb within layouts/designbook/application
  Rendered /Users/scott/scottharvey/designbook/app/views/designbook/pages/show.html.erb within layouts/designbook/application (Duration: 0.2ms | GC: 0.0ms)
  Rendered layout /Users/scott/scottharvey/designbook/app/views/layouts/designbook/application.html.erb (Duration: 1.2ms | GC: 0.0ms)
Completed 200 OK in 8ms (Views: 1.6ms | ActiveRecord: 0.0ms (0 queries, 0 cached) | GC: 1.2ms)


